"HolderAddress","Balance","PendingBalanceUpdate"
"0x91628ddc3a6ff9b48a2f34fc315d243eb07a9501","62.8907794017756","No"
"0x1bde964ecd52429004cbc5812c07c28bec9147e9","62.2750248248961","No"
"0xaefcd0f8a1cbd231cecaa9bfd9ffb82a6eaaa462","4.6509279876825E-05","No"
"0x3098f2ddf9d0096c3eb6d971d26e032c8eadac33","0.00560849286926816","No"
"0x04427f2d041c3aac32eb1aa27c82d29fe19d66fc","0.00221675147493596","No"
"0x9d7c92ad2becbc3899b83f3e3146bdf339202a80","0.0798751462596326","No"
"0x7daa80307faa0413ba81f1a508062745ade10cce","7.894764026651E-06","No"
"0x2f1ae3bdbe00bed86df9621ebc7c6816efa3a4ef","2.3296295675124E-05","No"
"0x3d48587aa16d91a2e37198b5b428674bdaddf038","3.411541816024E-06","No"
"0x85675afcbebb02cdff1a2548c33897dbca493495","5.10270119925942","No"
"0x57b00c981363c67b11e07eaa71364bf20e8025fe","0.00264294161259686","No"
"0x89bbc018f909f4840673d086acf02f22fa4c0c03","0.00225904778362748","No"
"0x1c85d6ae1336d0e4e3f165bbfa9641bfa04cedb1","0.455225867841054","No"
"0xc0089390a8969330600bd9545897dc8eb490ef88","0.0163793380945732","No"
"0x35e2acd3f46b13151bc941daa44785a38f3bd97a","3E-18","No"
"0xf197caf7b8ce72137c931ef1fe0a70f4fbd2c545","8.77974518125027","No"
"0x9ba6baa919bac9acd901df3bfde848fe006d3cae","1.3657103975749E-05","No"
"0xeeb6faae3094b31859f6b7b34a183ae212e43cfb","0.0558738546598262","No"
"0x3b3793bfa9c1048418902c3a5563a6fa8b5d90bb","1.424209659053E-06","No"
"0x8b0c18d9225900ab042a4d8667cd114ac714346c","6.895E-15","No"
"0xdec0ded0606b7d0560adebd6c3a919a671db4d66","8.47534652E-10","No"
"0x14c4f5d0ef554e588d7829a90548ff11012c0b2a","0.00118967374144081","No"
"0x2e748192b21cbf86b80c15e75c3fdcbdf229bcdf","2.110181023E-08","No"
"0xdcb48866a5cf353aca79467eff1e0ffb2ec9a1ee","0.000198917150877952","No"
"0x7a0ea4409c480ff41bc8211768fb8947c20a91ec","0.000468644735868463","No"
"0x1e102125f16e8b6aa782257095892ab22ba76a64","2.70822677231E-07","No"
"0x6502bc1deeb61c1fce5151e90bcbe51fc75cfb10","0.941918098326558","No"
"0xf1e65cd0b31fcb8713ac1902002b262d57c9da33","3.362009968043E-06","No"
"0xa5a29f81eee450ec189b2f8b4562af1785595d69","0.1","No"
"0x7affabad6b05105f782657c73fda3de406f7ec84","3.1849991143188E-05","No"
"0x1861974f32eacdcced0f81b0f8eccfed58153a9d","22.8054604083497","No"
"0x719b8be8e2c3f07575d41a2580011db702029e5b","8.3868108846E-07","No"
"0x4630977960d4e0601ee3fb324fac380e02a93d3c","4.07104223726E-07","No"
"0x376110452c2fdaef842dbd1f64234a2045d2e40c","2E-18","No"
"0x92c2c3eba95b0f4149cb6ad2c2275a8e98978c5d","0.00137360063634752","No"
"0xcaee94934f4007ae92188a3c8a9a2a8ac609ebb9","0.00011","No"
"0xb5f714c587b83a3fbe45fb0ca564462e1bd4cd10","0.171860084139283","No"
"0x5d58df7b33add3f96737e0b21b25629163be38b6","0.16448352493055","No"
"0xcdd20791520e73cc80794b92e46a8a12216c11c4","0.171727765603799","No"
"0x483b73d95da1027c9ba50816d42baed0ec20d5ca","0.164356910158451","No"
"0x6ec1404407d455ef75404286da94bd53d895d103","0.175245837936986","No"
"0x1f222a351bfa24add6c249a7ae55d80aa27727f5","0.160580203650901","No"
"0xcc66012c79d0afb57c9d02b754f4cb80fc22f4df","0.175111016854918","No"
"0x1d013a567c92e25cee516e74690476cdb8234a67","0.156810600831912","No"
"0x5121a3b4dac18225fc72f64f05c533f67933f439","0.178622439719624","No"
"0x58693977f4f95a675e278d99834a27732058d43a","0.167619795649302","No"
"0xee83285e99182e4fe939761225b5680bf62f0352","0.00191441968787435","No"
"0x6c3ee77eba9817e13e612e05b0eeeca7d3d1c4ff","0.00262032487615701","No"
"0x4391fb96f74cd8cae1fdede9b481a223e330e26b","0.000357414330943416","No"
"0x881a01bba8182e14624c046fd5880c84d14a1507","0.2943","No"
"0xcead2797376df19f7386804e6d12ef9ecd151958","0.00049053789435406","No"
"0x5e4a517e11d44bc1ac4fad0c2597e6e84bcf54d0","2.6288944104988E-05","No"
"0x833afb9f8c0d7ea4b235652d8bbb80bd3ebb3ce4","2E-18","No"
"0xd5ccb7ecec47a88218cbb12ed9c8032346a560e3","2E-18","No"
"0xcab8272c323bbeba5ec9d63f1bc40f7de4d10ae8","2E-18","No"
"0x3684a82ae75dfd03590bb94b49c92c2ba054a37a","2E-18","No"
"0xe6bbd28f8ba27335fa806237c100f58fdaac19d4","2E-18","No"
"0xf3a720a9c426335704d14bb50e83dc453daa41b0","2E-18","No"
"0xb2c66e5d912b08e80268edadd0cf12588ba0abce","2E-18","No"
"0x9067847648eb4c0e70cc6a0a9e302306ae8b6412","2E-18","No"
"0xdf57bb6dd31a8ccf5c5c04a679dc1ed755473347","2E-18","No"
"0x7f07a2a54907b7500d62e144d08bda93beece046","2E-18","No"
"0xb85f5a0a8854af11c685613dd7c9ffb0c5389dce","2E-18","No"
"0x5895ef3983068df9a7717c3b1c71d569fecdd3d6","2E-18","No"
"0x41dfae247f6af8695165866c94bd433fd31b4df4","2E-18","No"
"0xa3b2550c293e908d53fd4534f2b57cfd023735d9","2E-18","No"
"0x954e7666babdb953782c528d23c6a779a5311386","2E-18","No"
"0x69cd22e507fd0bb7b95ca18f5f8d2a1eddb75803","2E-18","No"
"0xfc96612178858c67d402c01ee466289a3665d331","2E-18","No"
"0x3ec928c503602319867f68059a389cd9e3c2dd6f","2E-18","No"
"0x4f9a1a8cd56d9b6da52fcfdf8114f37635b8350b","2E-18","No"
"0xd514ac2677d52f1be715e0aad1e4cce757238e3f","2E-18","No"
"0x72039b037db7033f9f797587fa665f1bc19d2660","2E-18","No"
"0x4ef8b881c0544497a7190284a1a7f55aec5b0952","2E-18","No"
"0x8d46d4a643de74298f68896c190d860accaf71ff","2E-18","No"
"0x4066b280fb3f2858d018c99edbce0e62b92a53a9","2E-18","No"
"0x05e92f4ea55ce9a333a47689911b13407f82d81e","2E-18","No"
"0xcd035deac730dc4e574a6754182fbcb39d365c24","2E-18","No"
"0xd45338e758eaa3ffc95f8455b8f12d2d692fd740","2E-18","No"
"0x18da3b9ae49c96838594dd4f62f5d90ba25f8b09","2E-18","No"
"0xdf70f1dd1c38419badc90271c3e719dea9231b54","2E-18","No"
"0x8b0bac4ff5bb02576b0fd5dd087246dd0eec5193","2E-18","No"
"0x35987d447a6ca6c02abe8be2238543008faa2b66","2E-18","No"
"0xe1f1402d9b116de2ad7a8a8e97a76d74b11be1d5","2E-18","No"
"0x087518f9c75536890a1bef7807e66a55a0659225","2E-18","No"
"0xa60ec0ed04f762f2051e7a8ce182accd6c964053","2E-18","No"
"0x70d37f1df53c2294afa8ba815a45a35881aa9b74","2E-18","No"
"0xf9611c8260cf5a97961079f304924e339b9f1dde","2E-18","No"
"0xaf21e833291d023e32a0276d464b877fb2d610f9","2E-18","No"
"0x95161127bc0b69522611a5c04c9e71102da699b9","2E-18","No"
"0xa993e04f27568bc84382409d0797ecaf09e1c098","2E-18","No"
"0xc6fece60cf378bdcf1e7bf483a5312770c06c266","2E-18","No"
"0x9977f57abc1d50876848d36883c71348bd8dbd57","2E-18","No"
"0xb7e647cdac07670a6903462b1c83d9356b748b74","2E-18","No"
"0x7cad119d7bae3358e0385a52173152630b3e6020","2E-18","No"
"0x6bb53f628f3c0821b90d42072e4038c9128d55bc","2E-18","No"
"0x66f6a4849c2893f72d650a12f208bad2856c2078","2E-18","No"
"0xb6c08bc4678196bd13c423ad322b773f9abbf764","2E-18","No"
"0x3f6eb3694a85ddf34ba3d281515643985350091e","2E-18","No"
"0x24053421ab9b23e8197f91f86c879c7ba379f370","2E-18","No"
"0xcbdb06b1213079255e09ee81fdd84d20fff673e9","2E-18","No"
"0xac5a2d5b03d60bf72c863d3e0597808af33d8ccb","2E-18","No"
"0x6ed9c84aafa1504e87332e0e3b4f2369db8acf55","2E-18","No"
"0xabc3daab36d6fe6c7f3cdd3319f100d561d97bba","2E-18","No"
"0x5ec3f62c53c52b6a100ff25155f84afd4ad6213f","2E-18","No"
"0xe748b761eab63779d859ad455cc5937ef531af89","2E-18","No"
"0xe19fc5ae1aaa9662df5825cad5a7622343d31659","2E-18","No"
"0xb34d4587bf0d85f5ec627f5e9097df617fa927b5","2E-18","No"
"0xa9ca58e7165df15e205363639fea316058b36b4a","2E-18","No"
"0x320f0fb15d11898dd24f581695856279fed01061","2E-18","No"
"0xf19c6224c655454ff18b4d35b3ef600bf1bf1287","2E-18","No"
"0xd7fee51053318f9a920565c6f5168a2a28826b22","2E-18","No"
"0xc0130bc896145438b8c3eb5d09c5a29b56452d96","2E-18","No"
"0x2141c396bf8e85de7ff535263a8e78279f193d05","2E-18","No"
"0x93139883ba16d6543fc17be1e4648c9f90cd507c","2E-18","No"
"0xdfdbd9b50eb563bc626670f7af5816bddbe6637a","2E-18","No"
"0xc46864b5390849fc98c11f7086272d1aef757f2b","2E-18","No"
"0xbbc8551fd0289fa92ce56362222e001d687f6c90","2E-18","No"
"0xa58d6d4ae4ec1cd25c95139688c2de35e834cdc4","2E-18","No"
"0xaa3379d3496b921f07115afc8e640e279b66eebc","2E-18","No"
"0x9d58df3dabd2f9c5563952e654ded1f29aa195be","2E-18","No"
"0x9e289a655c19eb91bb26e6ac5a89975aaf5b432f","2E-18","No"
"0x3b5f1a21eb34db22f054a05053242ce86e5b538b","2E-18","No"
"0xeff9ab067eec4ae01c191fc7c588c00a3d7796a2","2E-18","No"
"0x01d48c3d1feaecce1256f98f80162103d588e830","2E-18","No"
"0x19c7548827309a0b53ffc82fc3c58c67b3caf958","2E-18","No"
"0x9860e98cf2cbf0e9451c914078cbdbc29bf9ddd1","2E-18","No"
"0xfda7c9bb5de0a4eb51de4c151d02f6c60cc5b977","2E-18","No"
"0x4fb945fec80ac6317d48b32508f608bd6a480c4e","2E-18","No"
"0x82cbcd9d2485d6086021cf0f89c5544bf67c54b1","2E-18","No"
"0xa4a57fa06810ef63febb4aa4c2c18f19a29227a5","2E-18","No"
"0xd37a27b0b31fd368b8244ff00c2dfca852c1f226","2E-18","No"
"0x7377522c62b012e2ba5d7f4df90d9bf4f1d0714c","2E-18","No"
"0x02030f00b8c816895f3ee4e341f381df245c8ba4","2E-18","No"
"0x8f81582f711bcadfd10be60b8929e4ad75d86501","2E-18","No"
"0x024703e2966869ebf5a522a2796ec53e31bcf9e1","2E-18","No"
"0x8c2b134b46f8ca1420175cf75e3cf40d51a3fca0","2E-18","No"
"0xa91ba62c7cf79ba8b1038bc270c51b6add041096","2E-18","No"
"0x450cc255a22485ef03707a610d22babd68b69969","2E-18","No"
"0xaf5f077a8256feb297e49d1df1c222431bb71114","2E-18","No"
"0xf8b5afd1ad9060a28e5a5acbc0ff8b16e0594362","2E-18","No"
"0xcb5be885d849ea36a3cf3a7f180cf6d0a7238783","2E-18","No"
"0xd941fe7ffb697aa8cdfc28d7d5150c1af2e08271","2E-18","No"
"0x851a22a005e346c34397acffba226421a7aaeb77","2E-18","No"
"0xd27d52875ee584e253cf3a6a7d5d11b278f88aa8","2E-18","No"
"0x431aadd67c7364d8d7e41de1c37a6d0d5c3e0b69","2E-18","No"
"0x6325967df57bec852fb75fe2d694aefb85552e02","2E-18","No"
"0x21898f5394b2a731bb8f7f5c2068ba5a005e45b4","2E-18","No"
"0x718c1f6d3d8e1885413051baf1d5d5434dea3969","2E-18","No"
"0x0daa6ebd9b6e1d07df4abd445f786c44b33f377d","2E-18","No"
"0xdeb75bcaadf4e686a4ef4c36eec6e6060fa8168e","2E-18","No"
"0x2dba9156f9c22703faafa33d0057e048df7d0e86","2E-18","No"
"0xd0afdd33733ab958485af03e17846c1e4b392cf6","2E-18","No"
"0xc1b4eb788fad19a9d1057fa9bbb36aaed7662278","2E-18","No"
"0x3d2363efb9b19681110ed34f9d5e3fa3545e8ef9","2E-18","No"
"0x7a4ae4dda5b5754ea8ec77747c880a7062e480b4","2E-18","No"
"0x7899476a8bb7cc802c3bcc842495b1157a8b5c10","2E-18","No"
"0x8a89d049fb61984f409f88bb4f42701f99c24a53","2E-18","No"
"0xdbfbbe4e14ca950539327b3ac8ec575e495cd36e","2E-18","No"
"0xc15235376e26f2d43da9ff97877c70f2966c4bd6","2E-18","No"
"0xaba9cb0197f4f23a441310f6567a24bf40e3e755","2E-18","No"
"0x86fd27c07da74473909b92db7b3f2fca793eb9e8","2E-18","No"
"0x03936fad73cfd65a108318d917a7d00af8f2b16d","2E-18","No"
"0x53df73a6d2f70c3f9ddf2b5cbbdaab3dee95ee74","2E-18","No"
"0xc5c408179ec1996afe7bf6d65b726d2ec3076b88","2E-18","No"
"0x9e4189a8874f3470c8caed7840456d7f8859307a","2E-18","No"
"0x368889670b3a35d724b0ba49f5d6ed8dad3a1067","2E-18","No"
"0xc595faa5441eed074f4e170f162a681cbd1721dc","2E-18","No"
"0x7479d865f71e7cf70ae8fa0182e77a6399b37d14","2E-18","No"
"0x23a58fa78fd6c7c3ad1261e8d709ce06ca6993bf","2E-18","No"
"0xc8f2e5801446d0642948f5a2c885d16752e5e043","2E-18","No"
"0x82e7297680f31dc433574c02d64a1eb0f58b8ce2","2E-18","No"
"0xcdc4df31caa68e8280de11d00127f9e6bf70f46a","2E-18","No"
"0xa92b79e05675dc020defa5ab2fa58f4bafdee563","2E-18","No"
"0xae3e33a91085fc012f1079a5a9a8a417dca55b09","2E-18","No"
"0x844862cbca96ad362d92a227951f9edfaddf5ce8","2E-18","No"
"0x7a1f62fae1d346d3c1106f9743f815884569244d","2E-18","No"
"0x6a09e3122f3e051d0fc5b7a8c8667424f7ecdb64","2E-18","No"
"0x67e594f8430187a64e9054ea96e7a15e6abf3dc8","2E-18","No"
"0x7d00c16e880a51310f04d814af5c37b8c4182f76","2E-18","No"
"0x930e048e37e131448c55d4de8d25eb04d8c409f1","2E-18","No"
"0x71c3dda240f067066e332a16ed774053b59c4851","2E-18","No"
"0x7f2520abee0c2175277ec4208bd759d2bd47e1d8","2E-18","No"
"0x59957d61fb2e2d865ab9635f5bcc571cd9d35e2c","2E-18","No"
"0x659a16ae0405d708f235af3a94dce28a7ce59466","2E-18","No"
"0x096b189ab22ebcd654515710933839d0b31f070b","2E-18","No"
"0xd5e327d5999caaf60fbf9e53c6128b73c9a6d9f5","2E-18","No"
"0xaa9537729c46b0af38f3921baa98cac086d1412d","2E-18","No"
"0x0018583d7654803d2c59467e10dec5f70bbe1851","2E-18","No"
"0x5420b6dc044e11b17a777011f94b3bc3792d4973","2E-18","No"
"0xa071fcb976dcc256d358e1ef6bc91b5670960a1a","2E-18","No"
"0x48bfc05ffddfb35236d60c0306afbd7d0f262f0d","2E-18","No"
"0xc6db5b1b08e1b425bb325aff1aac8aa583a0f56b","2E-18","No"
"0xca58e82333013f071312b72f7c75d1249a13babf","2E-18","No"
"0xda591245a1e6b013d67162bf2e82023bd14eb0b3","2E-18","No"
"0xc918fa2f341f72a8ea898eb7f8d50426fdf2e4f5","2E-18","No"
"0x803ec4f20e4e18e2cb901f12f6c1db10627d49c7","2E-18","No"
"0x5a36a73f3744b6245fc86949d76a1a0968747cdb","2E-18","No"
"0x2e48593533fb96417aa0575f74290c86f4a0f198","2E-18","No"
"0x552d4a32fed15097d65f35abf8c727d1b9a9486c","2E-18","No"
"0xe6a58dd1681d40d06b095c1d6c4fbd9d091ec849","2E-18","No"
"0x93c078024706ff3b21ab1b4fa71e8463b273b3a5","2E-18","No"
"0x0cd49426241643a58421f22788adc5fd7d0328a6","2E-18","No"
"0xd3f63f3b462adda149bc6d6b565d76a1c40ec609","2E-18","No"
"0x1296c5eae0a5e6f92c4cbbb91f46922da0d4c4fc","2E-18","No"
"0x03105f295874820c5939e2f27602c9478b94969d","2E-18","No"
"0xf7093be0ad3e3c72b6c3922df8da2c33a38108d0","2E-18","No"
"0xf6bd8d11ea28986dd9b580842668f738cb5d8eb6","2E-18","No"
"0x362ba6d94ed2095a4efdfd6b0638906a4a9471ef","2E-18","No"
"0xda4f1ad96d765f9c26509ae8cd1fc641b57ee1b4","2E-18","No"
"0x401dba1e556af9f10b163d2e6cb5ed690b78637d","2E-18","No"
"0xbbefa98168b07c40ef89d1d3ae7cfb673d3c8f07","2E-18","No"
"0xc780d8d3d7e960f2e7cd23286c982cf9b83ad1cb","2E-18","No"
"0xe8043b29724b3f327ef3b5672d636c124ed2889e","2E-18","No"
"0xb0415d46e3880a7a1c1036e7a16c18f69a3842b3","2E-18","No"
"0xc37f2366b62caabbc4d5a5cd3909311fef454a5b","2E-18","No"
"0xb4930777898f6e7a7b474020f4c4a7469cbbd857","2E-18","No"
"0xd7d95d2b834c74362fb63a1186413ed744383960","2E-18","No"
"0x20947ca0af9ec28af81782c935a16e7b97ee742c","2E-18","No"
"0x82551d8f47296c27a84198ccdaff5c99b25aaff8","2E-18","No"
"0x78ec6881b7819b5b727e04ef06f140f92410345c","2E-18","No"
"0xcf16fd3aa497dc8c98cfe800bab560a89efab855","2E-18","No"
"0xd9cd07b12de3e3c94c576dca1308267ce363585c","2E-18","No"
"0xa7a38edee0365ba1bd76fcaaa05488b96f9f8de1","2E-18","No"
"0x15580709a4f125af91ad865c92623f701bf9647d","2E-18","No"
"0x94a311033ca9575a31e85829f55ee35372e29f5d","2E-18","No"
"0x6be940d26e904863e164608f5fd566dd944b3a68","2E-18","No"
"0xa8eec91292ea218855b22369abfa2de9f81a677c","2E-18","No"
"0x9bc048c335386e46628dacfccd2c252ab0a45fc5","2E-18","No"
"0x27e0bfd1820281d7ac5b733c17df807124bafada","2E-18","No"
"0x7fd881d3e6fd48715f5a527566b37328ef156b6d","2E-18","No"
"0x85256547be6fe25a16397178e3520ebc16c8983f","2E-18","No"
"0xbdb13c516002f9486b81afd0d02ad69f7e4fb02c","2E-18","No"
"0x57a3975b290374ce4168bea12c48e298e4eb44db","2E-18","No"
"0xa32611ab0424dc61b1b91b2c2e1e93911afff2c3","2E-18","No"
"0xc00f485a37a75e8aa7b2f05e27f184245ea509e3","2E-18","No"
"0x818c3316f794f1c73e40c5fbe6bb0b18eae954b2","2E-18","No"
"0xc487a6feeaf6d0f0682c4cc18d95eff503be6890","2E-18","No"
"0x706b63fed79c5ef94742b3b8eca80d4acbb5482c","2E-18","No"
"0x6b875378f10118723d785dd83ac82908ca381494","2E-18","No"
"0x6dc2f771960b0d57fe091917955a2af894ae8b31","2E-18","No"
"0x7f2c98b85bfd20f06897861fe800be59237a8131","2E-18","No"
"0xa573e80072360c66e5bc3ef9ab7fcc2b08cddfc5","2E-18","No"
"0x7d5801535f675b373fe32d9850c2e32419630bff","2E-18","No"
"0x3029567d83e17b6065db7384ab33043ef851d014","2E-18","No"
"0x62922d30741d45112870831a74c13a6800d53ab4","2E-18","No"
"0x46e9c772e869f0655fcd16dae26074d0d54877cc","2E-18","No"
"0x5ef8a17fbc1ee6f718cf40bd63dc945a91221f3a","2E-18","No"
"0x601e61589ad0a97867c548f3c9996f4fc8438f90","2E-18","No"
"0x6a1dd007e2ac43101b79180649fa702b63bd8da3","2E-18","No"
"0xb70f2c571e03b08c9d18fdcce1ade08032e9d5da","2E-18","No"
"0xe489524cdda40e72103dfb87030e7fc4d00491fd","2E-18","No"
"0x17aab44f479c6de932dc231942ba034490ac9a91","2E-18","No"
"0x4182c95205248e4865340d6910ccc256ec7b1a66","2E-18","No"
"0x006f1973f3a2911fc15569d7787f51fb114db606","2E-18","No"
"0x908334c8f62f75738cfef5ec12eccfc7fd672d34","2E-18","No"
"0xcea6ad9eb5a5803989020098ff33ed960de4b38e","2E-18","No"
"0xf8a890407b1cc273c1f8af9ddafba163b17519fe","2E-18","No"
"0x884f3072d3e927b601594148379209283f1afcdb","2E-18","No"
"0x342c9fdb40b7a3c9938618c807fbe906c72bfa62","2E-18","No"
"0xf30c83d7bae3ceea764d41ff2a54c2990c5e3236","2E-18","No"
"0x52d2d1795483e9fb44b10af08d88ac60e6ed7543","2E-18","No"
"0xb956d744a444ed150aaeeef346d10194c9423570","2E-18","No"
"0x6542d1106d0f5b7907d112413ac6307172d5a520","2E-18","No"
"0xfb00ce44fd834e1f774901eb135c74482316adee","2E-18","No"
"0xa4d0234f3226c8608f2f036ccd2e0444bc0848e3","2E-18","No"
"0x78197825f21eb849912eb65ff3fb696cad2a2fbb","2E-18","No"
"0x16fc37285a903ea70f33d88da35f42d8aa32be17","2E-18","No"
"0x7f04aab0c2f8bc2505d1f004035c442c4b17b6b7","2E-18","No"
"0xbdd109ddab2d1f630ab3fb78c8210ad90a29f7a4","2E-18","No"
"0xe09ba7e3b5990474083e86706b31432e9b1c26be","2E-18","No"
"0x2575640f9f4a82a4e1773c69410791059ca83eb6","2E-18","No"
"0xf55d5f155be972f8054836c0aa331500fefebd2b","2E-18","No"
"0xb68a75fa3071713eb7aa65efa2a09df9b10e409f","2E-18","No"
"0x7224b0ebf8ddca8900095ef8c239f40fa92e8223","2E-18","No"
"0x17f25cf05068dd81c10cc0488bbf8dd302e56c76","2E-18","No"
"0x59db6f593aab82ba5c548d1e3c25a79c03a8319e","2E-18","No"
"0x1978515bf297acb4eba07f415f4825bee05e11e8","2E-18","No"
"0x67b873103b889fde68191cd8e5ca008560cebaa0","2E-18","No"
"0xcaa3dc8ccc18ad4408c88aa00f3f35d1318b8dd3","2E-18","No"
"0x5ee9122d1f3e4e3f32672d4981bd2e459ed8ae19","2E-18","No"
"0xb4e829754a7f276c1755ca63a20dfcfc1eb812aa","2E-18","No"
"0xf263ef40fcc99ad462ad2409c11f91eeca73b0f3","2E-18","No"
"0x9fbf2d329a0846db1f0495eb57925e37a6c45c89","2E-18","No"
"0x4467c2787a671e70d2c2f30bec2826b439c94445","2E-18","No"
"0x1f2852ffaa733e08cbdaa402afe10ac00dfbc22e","2E-18","No"
"0x65dc1c10cabc5a33ecb6b70cfd53a595a1e0419f","2E-18","No"
"0xde402c84c0b00de2a93d407dc0ee67057ca06d12","2E-18","No"
"0xaea1c6b2e055a31f70a17d833c3975d221504277","2E-18","No"
"0x795b2d3cc8c74bc69c580b2b1de413849a901276","2E-18","No"
"0x2d3c93d5e8047d06dafb7d44f0b7c6e369fdd383","2E-18","No"
"0x0eee74389965e2a5de1d1763741650fbe9996e68","2E-18","No"
"0xc98774f0d2f4bdaa9a82c487c18c458c43edc0b3","2E-18","No"
"0x33bc4df0c664ab8d79c70072ddd0b972d5bc8fe2","2E-18","No"
"0x845d20bf146f976ba0e671226c65b7b09db9a174","2E-18","No"
"0x4baa5ec04271102a36ca2cc9547a9d8af5a5a563","2E-18","No"
"0xb85879efaf3d8d2d44eb1c1747e9a246a58766dd","2E-18","No"
"0xbe9cd2a193b5709438543c5c99c541d2bddc676b","2E-18","No"
"0xb1ffe7a9e4a53daf63f8f6cf365ca9e9095f21dc","2E-18","No"
"0x23c7054eef9842e6ab454fab8096234d0c7568a3","2E-18","No"
"0x1ba9b37e6b818e8d821e1497937c05b484282653","2E-18","No"
"0x93334428ccfa9118027752a85a119e2354a395a9","2E-18","No"
"0x6f771709afbfdadfc404fb9affb6fd6e4d1672f4","2E-18","No"
"0x6077448241be6dbc656b481a4cbf75ebc6a46b19","2E-18","No"
"0x3138b83c02b065819bc19a07528b0104443767e8","2E-18","No"
"0x4ffb7318096944071a9fa9009e2fa23acab79ec0","2E-18","No"
"0x67590f106d4869ed3276359d2f40703a99bf39e0","2E-18","No"
"0x4db3e0c25a4a43a0f70efcfdbc4ad2ab9bb72e65","2E-18","No"
"0xd3b7f1c7600e77ee0d224ea6d5ece274af7511a3","2E-18","No"
"0x48bb93fb49fd96192fd958a52fee70d77f938646","2E-18","No"
"0x2830bdbd8756d30d1c1d819f88c947c47c020b32","2E-18","No"
"0x3d01aa348af1d341fee53f53360b3fc7c5343077","2E-18","No"
"0xcd4f37ba6ea31e14864662fc158e709a2255347b","2E-18","No"
"0xa83140391b49838e0b7e8798525c6faefe870c1f","2E-18","No"
"0xe335396346d973c5f7a59b34e75d4c605e1b2934","2E-18","No"
"0xd1452eac546c654532b6747111434719e99be26d","2E-18","No"
"0xd3d5e72de6ca289753233d0a6ac45be61028ffe0","2E-18","No"
"0xb6d0f8e45a331395818a80952707f5d3649309c1","2E-18","No"
"0xa4cd90d3d675b106be83eca2336e9ccba4849ad9","2E-18","No"
"0x78391bd8c56afd3134b515b0e2598be68faf1bce","2E-18","No"
"0x71f3fe609598be457f0c6863cb3a39c9e23d7425","2E-18","No"
"0x70a3b17a5ada1a6e1aab6c4542c4589de67125fe","2E-18","No"
"0x785c47d64d7bcfb2225c36552dea9891a94e729b","2E-18","No"
"0x620bb750ca0faaff8a114dd55943e1fccdfcf928","2E-18","No"
"0x3949d19baa17eafadfbf51255803154560eab6f3","2E-18","No"
"0xb90536d90d0a74cdc87d0deb74460b58e8213f71","2E-18","No"
"0xe247b8625176a92333df31c567b8b501782df2b3","2E-18","No"
"0x9a0cffb895fead7e44113ff02a17b6d3e746b7b9","2E-18","No"
"0x3190d3071c52679a3ec6610cdaaa267fd476f351","2E-18","No"
"0x2f356711f98da2980530d12ba9f367170e653965","2E-18","No"
"0x71d73faaaf91b7c4107fbfc911da2c39c66a4e1f","2E-18","No"
"0x79509704512a2e74027d3174abe334212fe27a33","2E-18","No"
"0x7280c45537c1ad5feb00d7e682d664969aa89ee7","2E-18","No"
"0x4d8c83a461f5783f74ab531e277f65dacfe6f91e","2E-18","No"
"0x0fd1c5d23a006da0a957dfd7940303724887d297","2E-18","No"
"0xb5dba553c2448de78372a103e2bdccb653918ffa","2E-18","No"
"0xad2410f7fdeede3c54ab6b9a03e141549921d017","2E-18","No"
"0x033d66fac8634e3c34be50cf24f5016f31447077","2E-18","No"
"0xad2cb4bfa75cb70437c5837d3967dabf33c3a73a","2E-18","No"
"0x618701714e32462bf0d606d31e992d1e86c0db17","2E-18","No"
"0x6c3291908097ae7726afd2bb1b40ccd39f9688dc","2E-18","No"
"0x0173438096718b70015e2914e7773546851fdaff","2E-18","No"
"0x9d530866b6c7e956575cadda9d89a44c949935f2","2E-18","No"
"0x9723fbf25f4b8b0c0e204ee70838521f94c4b6dc","2E-18","No"
"0x434ce4c37ed0a435044b10a1683bfd688731fbbf","2E-18","No"
"0xd4c62223a99dd2505ec25d99748e532092acc550","2E-18","No"
"0x259fe2f16354cd0ce09e026b1dadf81703312aac","2E-18","No"
"0xaf6629904828b83f832f4d4302cf3e12af8ae754","2E-18","No"
"0x8c6b8f7ea4264d40499d928cee41c9e2b2b6cfad","2E-18","No"
"0x0b0c69f7d009ed921225a5a37c680a4276197ae1","2E-18","No"
"0xa6b055d5a892f4faa33ca5d0a35c2d91b9d6f0d1","2E-18","No"
"0x0d44e0a9b20e54d98a4779d3f846ae65cb604c60","2E-18","No"
"0x547cdd3d066a695b00a75a17ec5745836c51db99","2E-18","No"
"0xaecc8e9125d6a907d4f107b29c36630ac0c1b7fc","2E-18","No"
"0xa7bd762169a30fed1bbe515805cb5d0a7f0cd1ac","2E-18","No"
"0x7d943248d89646ec53238f5e9a1a2aa3c45ba09d","2E-18","No"
"0x2180a54c8fdbe0b35e9f7a3aa33b8743825f8f26","2E-18","No"
"0x89ddd1a9cb5e0f4a2a488d11f18106431a14cfb4","2E-18","No"
"0x0ad31932dff32c7cf2f934b4f46851b3814d0d68","2E-18","No"
"0x19b945382928605836f2f483874cac6b5e77a7e8","2E-18","No"
"0xd5841ca0305c5a823f896142ca9991c9565d41ee","2E-18","No"
"0x59e1152cdf902ad38e50e3e04d1420c1c4fd42f6","2E-18","No"
"0x3f59271726b9ef3962cfc012d75e8438efe8ff3a","2E-18","No"
"0x1d47d1f5379b588b9d2f0908245a71296f0fae89","2E-18","No"
"0xbc51d8358c33961bce3d504c1aacb8d63544ea9a","2E-18","No"
"0x0d7bb7e245ae7835e8057261848d68516415021e","2E-18","No"
"0x8e707420fecaa6a3fbbfb90fdecfaa353b4bf31e","2E-18","No"
"0x2198285077ec72eac98caff08c71e20d2d4fdd32","2E-18","No"
"0xd4f5de2355f07224c9ae1a37dcf5aa777a5defa8","2E-18","No"
"0xdb4e8cf5c4e6393b50254ee86485abe265c26663","2E-18","No"
"0xffde4949c51f9f153427b477708709056090461f","2E-18","No"
"0x37d61de9e87073cd8a34e04c23390d37b84dae48","2E-18","No"
"0x7de8fc8af7b3d2f7a7d54a422db1c7b88c40d4b8","2E-18","No"
"0xbc9865df896986c0dd5abd018da3d35cb86400a2","2E-18","No"
"0x173744fd1cebaee9545035ede3399e4591480113","2E-18","No"
"0xde02a4f698a5944ed10258521faf6df34ed9a3dc","2E-18","No"
"0x98a354bb951882b515ebd679410ec49eedd2b7f9","2E-18","No"
"0x15377b64658344aa1651b823f11c3bd36edb9c62","2E-18","No"
"0xa766a0936ff15b0ee7251590e2330c2d3b177190","2E-18","No"
"0xff86dbd8ae90d8fdf2f14ceebed742b38bdf600e","2E-18","No"
"0xf8375dd113447b762e6bc44fb939804f8e8bf7dd","2E-18","No"
"0x2e0a4be44ef4e84717fcc83d369d4fb63649ad4a","2E-18","No"
"0xc70e91e6f214f4065420a2282da8862416d0d7bc","2E-18","No"
"0x955cce3d11d505ccfa056c14d425bebe3c80cd41","2E-18","No"
"0xf86887cf16a812361a4457f2666ce692bc2ee8a2","2E-18","No"
"0x407d3c4c4c63652b48883cb161cbda22ac586184","2E-18","No"
"0x558cb41b3130daf10e4387ab8e5caf73f34d0dcd","2E-18","No"
"0xa9f0e81d5e99c31de7760795ec278e4d2becee71","2E-18","No"
"0xb7f4c0e037bc52a027d100f885d3033764db170b","2E-18","No"
"0x225985915fa21b826282b83b41f35bc16966a3e1","2E-18","No"
"0x14c5cd57c54f115d84b9e99a3e643341f932c393","2E-18","No"
"0x9e0dd56828a34c01eb201bcc6f709cf40b17dacc","2E-18","No"
"0x6206ea211b46e25afdbe8cb5101a17f618c31dcf","2E-18","No"
"0x0ec3d8bce3522d3f6056843c7b5f266e8f69d51d","2E-18","No"
"0xe27c79ab55ec843774be48080138d9b445bf9941","2E-18","No"
"0x92839fc24244e94a6a19a14e7b92f5e59afee212","2E-18","No"
"0x52c49e19770d2a7f7d29c50073c97658be2a55c3","2E-18","No"
"0xa9bb22dccc7eb0192568c45033a118f035e5b4f6","2E-18","No"
"0xa4260cdbc012ff8cf75143bd21609febe15bc015","2E-18","No"
"0x9f69a785162ffaacc04b1ca4c5314829125a472a","2E-18","No"
"0xae6d7ec26d67dbfdd8b50e36dc623e97366be1b0","2E-18","No"
"0xb50ed81c1494d9d7641cb0c0b604a3aa0a8cf29d","2E-18","No"
"0x3e06e027f190b2b0d4be58eb629148f6ace4760d","2E-18","No"
"0x6055f4313c8deea0f1e663a625d82c1426523e11","2E-18","No"
"0xc980b7fd7729e1243172b6c49416f22a20b5c922","2E-18","No"
"0xc63f2af0cfa994888abc13da64d6ab00cd14907f","2E-18","No"
"0x82b94ca28e1d5405442cd8d8f25db04e8d9f4d5d","2E-18","No"
"0xd10598b529e1292dc8a16672ab6433303181fdff","2E-18","No"
"0xf514e63eb70b2b7c8a61f7c77467d7a9473d683a","2E-18","No"
"0xbfec094eacfea05e22bae5c61270bb8da1da7943","2E-18","No"
"0xc9900795be5abbffcb10d038b9cd8ae910f1faf0","2E-18","No"
"0xd833d98c64d1d28588fcd9bf7c83feb669f9e7bd","2E-18","No"
"0x75f6f394bb0d0daaa6c79d796473a32b73d48f58","2E-18","No"
"0x55a98d318c46b732e4ea5b389ddea7f884762fec","2E-18","No"
"0x0b7664113064fb7e215f384d2e1c56c2822d51e4","2E-18","No"
"0x15dd78e745cf8eee82e054cefe3938fda6cea4f0","2E-18","No"
"0x010c9d0abf2925400c37ee688215d34dd3e1ec08","2E-18","No"
"0xa6934e234737162c840a87cdf04b8c3912ea7283","2E-18","No"
"0xffd572bdb9f2ec23638ded8b0a840376e115a4ef","2E-18","No"
"0x8b54a55a73abea293195b1084a3e5f6f2d4c229c","2E-18","No"
"0xe151042a46d605402fa071793284b7c064950f9e","2E-18","No"
"0x73c106bb402b5ad94fbf2de756805efca49aef2f","2E-18","No"
"0xddd1d42b9bfa0377a13eb3cfd1007ab15cdc7388","2E-18","No"
"0x5ef12a45b43ecbeebe4adf85aa1a54a7b57ac95c","2E-18","No"
"0x2bdbeb6325f9147c60c63f62943b64ef3d898e78","2E-18","No"
"0x75f5ec9c8faa5669238e37b36d8109934f4b8318","2E-18","No"
"0xc59adac9e5680aa415c30fd0ffda69ceca901c23","2E-18","No"
"0x55957332f7cc977f78ef3687511f0d82b713717e","2E-18","No"
"0x66748c53caa27957b7ef23bd684fa7c54d9f066d","2E-18","No"
"0xdd09dae729c1c3e10124033ef44545a245415911","2E-18","No"
"0x5d4822c441e2b296fae53f4bcb13bed29eeb349d","2E-18","No"
"0x3e0af636c57f5c9ec33f6bbc39bfc52cb9812fb2","2E-18","No"
"0xeb20d4ee94f33889ab100e03708b1a0616019f50","2E-18","No"
"0x477afce61a3c64829dec52746ec0fa726e626acc","2E-18","No"
"0xe5196ab5a813835dd4bff3391612d3dfdc5efdc8","2E-18","No"
"0x507cf63e095eaa5c74f26db5814964ffc8443c3b","2E-18","No"
"0x9ab00eb79a119ee50e5456e42a14d30b09c2cc3a","2E-18","No"
"0x685405c20362d9cfa9ac026c477a4ba1e7d17f9d","2E-18","No"
"0xbf483f70d855fb60b72bd7c47befe030b87cadea","2E-18","No"
"0x244c14eef71d1e79c348f61637f854bbcdbd9c09","2E-18","No"
"0xb1b9dc6aef6c3f3aae379204652e097546cae239","2E-18","No"
"0xbdb0921ba8e14933f4908701e4ab4d41ab1b680c","2E-18","No"
"0xdbde40c7c8ac22ab2e67cc61eb3544b9ec0e29f1","2E-18","No"
"0xaf6861cec23cda6448f05603d7bedaeaf72b86ed","2E-18","No"
"0x9ef01fc98a5e83e07969b2157d7cb34e534c45e9","2E-18","No"
"0xaf82c97677e3dbbdae95f4c8aca5401760ccf268","2E-18","No"
"0xde00e67c17c8c6a388a9dc009077f2875e387b06","2E-18","No"
"0x7ec62aa750b3f2ba8f41a830977f35eb839c9afa","2E-18","No"
"0xcb87bd7cc6c94bcf1cd195bfe6462ca01a1e6878","2E-18","No"
"0x0672a7e1fb491ca1877f822153bed7c1e062da68","2E-18","No"
"0xe8c78beee286f6711f96d2a572a684ed434b9a2a","2E-18","No"
"0x35013c268e95ffd71f667053ad85dcf936e6e2d2","2E-18","No"
"0x50a10c8240bdfe9f265133817762b43853e1fe6b","2E-18","No"
"0xb6007a711d00889b62409fefbbf9e2d91c78d4d7","2E-18","No"
"0x9e8d557a3f6c0fa8cf399e6406e570f72fe27d4c","2E-18","No"
"0xca221ef3725a5f3e3d5b0b265b7d1f9ba1669481","2E-18","No"
"0x12266dfa9ad895c23d4946649df2bdd4824dd8eb","2E-18","No"
"0xa85f748fe40273558544471c5d650841a5a01832","2E-18","No"
"0xc4fd965273030495c0d858edee48443794f8634b","2E-18","No"
"0xff1e6fd2cb20106c6e0c20b64625e1518aa466bb","2E-18","No"
"0x4c7edec687a3ad17ba559e0cc5dc5626b863dd20","2E-18","No"
"0x285b12dd4eb97655cab1fd2684c06e89b8725d6a","2E-18","No"
"0x1b557c78c5a755cd48f3a5f371a0e999a358b63c","2E-18","No"
"0x461404d05ecbd791df9cbc59e3f56f91eb22f58d","2E-18","No"
"0xb6bb28aeef6a3f745143d23eb9df682df31f6051","2E-18","No"
"0x5975f3860831a2cb14e266317d9ff8c50446942f","2E-18","No"
"0xd225d90bc74536ddd5bc7276c0fbb624773c92fb","2E-18","No"
"0xa0a7320b27852f92378f6f17d99a5d157f9326d8","2E-18","No"
"0x81aaea02ab4e432402ecba384d27b86b95636169","2E-18","No"
"0x6a773a43b08abea5c438d8d4a885eb9e2379afee","2E-18","No"
"0x0e26ca56e5c016d33af62c7fe762b071ed9a9b5d","2E-18","No"
"0xd999771a4e177f7dc5ade8341e17428131caeaca","2E-18","No"
"0x17465ba89d0438246443d3838746fdc0ed382897","2E-18","No"
"0x8c50042ea247ee1f5089a89fe08205c5902554da","2E-18","No"
"0xcc616535ac6f316ae145b8d8f79a31c28bf21ca9","2E-18","No"
"0x17993b408eb1055e1fa62d4a4f73e56b19bcf79b","2E-18","No"
"0xb3588bd44db974f7ea57a328daf44294e7e47e81","2E-18","No"
"0xe35f0eda209bcf22953e8201c15df54b64de9d21","2E-18","No"
"0x3eb0d1807cd689be31ea4048b750e72e0a40b9b4","2E-18","No"
"0x8729fbe7bd950fd9c2b8e9b1bcbbb0ed4b54f8ef","2E-18","No"
"0x4ac96d505fb934738188d99fa9ae6e288e3611f5","2E-18","No"
"0xc43ce5d55b8d4a4da69cd54b5bcd206b7558aa3f","2E-18","No"
"0x32f3fac51baf462a92d876d0b44add0aaadbdbdf","2E-18","No"
"0xd563e2a9dcd4936812b2b89f5a69250a632c5c60","2E-18","No"
"0xc3c8d72810de1030ef9e956d68b2f2b81af05429","2E-18","No"
"0x28bd93a83b1fabf5f7e7a39315c6299af960ca71","2E-18","No"
"0x97c1369f1fc7f70a37c16c55e878b021d9b60fe5","2E-18","No"
"0x4e4d2118ed6df1ab04a6810b08edd7f08c3d4886","2E-18","No"
"0xab501c8a6e759cd49aaf36ee8d44584b3239bd7c","2E-18","No"
"0xcc504e0e3c6a79d838f3d3cc9b6cb57cd812e9b6","2E-18","No"
"0xdb64fa8480418fe7e7563c00b2990e94a1218a59","2E-18","No"
"0x6c1dd1e0dc37c6116ef2aab095e6eaefbd393432","2E-18","No"
"0x312c93e28f30ae4c146a6494dee6055d74004814","2E-18","No"
"0x1c402706b242405d5aff9c9f70a9c54c219f2414","2E-18","No"
"0x30217048b693224f8dea4d9bf66e85053292eeda","2E-18","No"
"0xde153e52a57365bdd25af618f3cdc8721ec35c8c","2E-18","No"
"0x3214a5e47e6a2182434cbe256e25579453b18ec6","2E-18","No"
"0x3a902130f23d55dd33a6d64ea94489e518573aee","2E-18","No"
"0x2b154a10e8dc8edea76485fdd0c0b56e883dc91b","2E-18","No"
"0xcde5fead9b7411855e7b6e8ed1f997359d58886b","2E-18","No"
"0x256565eb5e46ebeb4ccd65b64665668c993f9da8","2E-18","No"
"0x26afc32d3a53a3c71025f2afea963d4c8710650b","2E-18","No"
"0x44344a033ecacf134a54e2cd2c2dc6204d852218","2E-18","No"
"0x2d84002547a637720b34142e5cdc76d017232dce","2E-18","No"
"0xe90fe09f8647aa702ec47b5197de8a9910e9f0ca","2E-18","No"
"0x40b26244e3ee70c9014a722e36dd05c4503c8a91","2E-18","No"
"0x3e4dcf6a973d7314a1577604420998e40a467352","2E-18","No"
"0xc7b5d1b4b66f3b78e55d65adba29338ba9b6c47a","2E-18","No"
"0x85cd82b1a89707316263329183f32b06742c3779","2E-18","No"
"0xd9e87865188ddb4d39197dd743dc977f2c077cc2","2E-18","No"
"0xb88deb56f74d76e93fc7d561600e6b67a14208a2","2E-18","No"
"0xb7c9e8c166c201cae447783f631ccefa5a4ef053","2E-18","No"
"0x60371b6e06bfdffe948ba56ccaf1f548c249f10e","2E-18","No"
"0x8cda8cf132abbba9b77c7d19a4ef6788b942ee96","2E-18","No"
"0x62ae6b1b687e5bc092b16d5fa368cbed0f0817e8","2E-18","No"
"0x3be4a060734fca7814bcc0e73722bf89bbcfe14b","2E-18","No"
"0xaad80b639fd94953f5abc9fff33071a114d56bc0","2E-18","No"
"0xbc79c23f236b9ec3736836d55bb022129dd94aea","2E-18","No"
"0xc0c138379a67fd8847cf779dc403aad856f20892","2E-18","No"
"0xec8e894bd1d194ff64c4ebca579043fa384d8743","2E-18","No"
"0xf31252088bbdb9f117a06ff6b07f230c024dc2e0","2E-18","No"
"0x2ca9370e3a0b5de11069b624e3fd4eb7ff4425a9","2E-18","No"
"0xcb0870d2c4948d6a0ad620af9c203e98ebdaef88","2E-18","No"
"0x459baf35f549b5148a85fe1d45f2c0f87bfbe56a","2E-18","No"
"0x6e6ebcd41b1bada37e98e3da3d90a7fa03115fe4","2E-18","No"
"0xc389306e88d5656188cbc1e7c983558c0dcd3955","2E-18","No"
"0x209f1b3c25bfe7d3049837ae7d098a92839fc79f","2E-18","No"
"0x5f8649b60bcdb61713fc5967aab14a30f459fbfb","2E-18","No"
"0x717e6ef221ad5ae984f0e87b6f7cec877ad3ec40","2E-18","No"
"0x97d4af9960f0ebe7c093f5d47c6616a80be56b40","2E-18","No"
"0xcface18ea366074fb9f2ffab8c671a78344d1796","2E-18","No"
"0x0b0328af46f64ad9e9bc5bea813218e180003052","2E-18","No"
"0x5fd56f3a3f721db8bc7a711b8dc07154a8d0ea08","2E-18","No"
"0x11a0e6d180536a3f17beb04669dc9af50fe64dee","2E-18","No"
"0x2868362a89d952953abee63fa669032288a125b4","2E-18","No"
"0x8e53d32276ea175f0e11145f5cfb8d241985de81","2E-18","No"
"0x668000f094e4008c05f4b8f8b07265bf896c3a6c","2E-18","No"
"0x3b49b67daa12d2658bcf851349f1c9a5f7fb9b4d","2E-18","No"
"0x7ccb550cbbae0037727c931599c50e2025e1f067","2E-18","No"
"0x51366ea06e50643d89c7f01dd7dd4d5d03098c27","2E-18","No"
"0x7040be052151f7c654a4542792133f292e66ccc1","2E-18","No"
"0xbf655d9bb85deb8f1d59408b3b39821e480f79fe","2E-18","No"
"0x6261513fad3033b533b2cf2f4f39f4b2b5cf322d","2E-18","No"
"0x6feac799afa96f44337017af6544e055441872fd","2E-18","No"
"0x4e365360dba66beb769127f323ee080dade6473d","2E-18","No"
"0xbd4c9c31a488ed8c49eaa1f79c31999e35ab93c1","2E-18","No"
"0x56dfc82c535f91e4231703be44aee628dc6fe15d","2E-18","No"
"0x7b71dea500e46119031f00e6f660f6dddbf35258","2E-18","No"
"0x806ebac077a26d03f56c7bc083a98b2668bbfda4","2E-18","No"
"0x881bcd14b9830c227f8457393ba37c2da502b2ef","2E-18","No"
"0x7891d0a6cc74a007eff0062e927951847113e544","2E-18","No"
"0x016fa60107319e33386641ae9002ea59706379d5","2E-18","No"
"0xae09029d560dfcdd9d93ce3abb9fe2908d61e1d9","2E-18","No"
"0xc6caa3d1ff9ebd03ca6538a91af2d88834d53e28","2E-18","No"
"0x6046f4eb17aa17ba0723eeb5b3bbe7d40642c6f1","2E-18","No"
"0xfa95c48c8757507b9f006cef209f4480468177f7","2E-18","No"
"0xc21499cdc624131b4e1c06c99a998e9a013f3e22","2E-18","No"
"0xc9d139959b2e73358bdb9aaee7a5c0665296a10d","2E-18","No"
"0xb5a96b3166a4afc8eb953f0f87435b0cec48087e","2E-18","No"
"0x55a21d0b80489e29de511e8880283e25e3df427e","2E-18","No"
"0x390e50d095166344a275b79608a657c85a213b5e","2E-18","No"
"0x15bd41a13b5f1d7dddb7b0097d3e8420c2467277","2E-18","No"
"0x2b051792d043080a9ee922f19c8468c4985e51d6","2E-18","No"
"0xce1351613216e6f179ebef7f9cede86cc6538d7d","2E-18","No"
"0x9cc0085834d13a3a77100d68e01bf2663562a512","2E-18","No"
"0xc3c167865c1b800ae1e58e2c252e3218d2a1ccb5","2E-18","No"
"0xa958b8801451261ea701ee960c5c04072b0ca109","2E-18","No"
"0x2468c96ac691ed2feb669e633b01e5e4afdf85ab","2E-18","No"
"0xbd04fdaf20c23fef1614d84d19b459c8dc81a71a","2E-18","No"
"0x27a704868456f51aa11b842a53c04e8785d47628","2E-18","No"
"0x387421208c4a6bef3d89e510a73adfa1ca125a08","2E-18","No"
"0x3647d10d916c382e6fbe996f2ee19fd7f2307e8c","2E-18","No"
"0xec5c39f54b5256462c5f1a7bd08527e0e9d12bca","2E-18","No"
"0x459c0b92c73f3dccfcf36e1eb66627f83efdcb5c","2E-18","No"
"0x414006d558afdac1630a21bde80116f33742d53b","2E-18","No"
"0x404a1798ac97116b8a0ecfadb92348fd06af6c5c","2E-18","No"
"0x95eb3a542b49c4eca9a4325525ff7198a7485bbd","2E-18","No"
"0x8faff02bc0075809dba38bf168ff5669e96ded30","2E-18","No"
"0x706d733389e9bc0b5461f1b3b927da9b9d65afd9","2E-18","No"
"0x0fdd5405836d871f536fb78ebffce5cfd97e63e8","2E-18","No"
"0x360844b6beb9b33cb59d18359e609c1adaa87cb5","2E-18","No"
"0x75c6ce9cfc6fd0b753b9bfe6afdab17c4a3d58f3","2E-18","No"
"0xd4cfd0a3bf52020e1fb8b5b920527aebc854c3b6","2E-18","No"
"0x29eec0861585c2e2dd8cc46e60d87530cc8bdf5c","2E-18","No"
"0xef3b9a178840aaf6162e0b27756c7bdaa70e629b","2E-18","No"
"0x84b186939ce517ae90398e7fa212babdb887902b","2E-18","No"
"0xc7ef2a5159cf486484288e83fb69b9adb2319020","2E-18","No"
"0x1a15b4bbe39f8431629c6fec9c33d9467d966032","2E-18","No"
"0x2856efa356655bfdd852f4baa3d0d4c33d0b0410","2E-18","No"
"0xce8cbce7ccc7dccdc337c618deac2d623566194c","2E-18","No"
"0xc24787e4161b72dcbb89db733791191790dae8da","2E-18","No"
"0x20ed3ae13cbae89c1000b4d369924d7e0c96eb5b","2E-18","No"
"0x7839de7ecebb25c5d5fdf6a50e7ebb69c270783a","2E-18","No"
"0x6e95c065492cf5513f56f1270de5002d50ba964e","2E-18","No"
"0x0c8339e2d49e9a7d52ef853da9664cf2d875ddaa","2E-18","No"
"0x4f75de9e624af76e2a2b4eef783563192bb3797a","2E-18","No"
"0xd78f218b62f1e046152ba3829b51c5d06af2832c","2E-18","No"
"0xc01b11dcf4a76f28094e5bfd3943144f59f19ce4","2E-18","No"
"0x742fa19c96da01c09ef10182c074a8ecd6fd1ac6","2E-18","No"
"0x8bf03709d7e676fac666f54065e47853d16da913","2E-18","No"
"0x5c1c3a19f7488b7809472a607b1b69d06310b7e4","2E-18","No"
"0xb8539a6d31c6cce5e7a933f0175011a36bbe5651","2E-18","No"
"0x590d82c62ee60522e2966991cd1aca8ab7df4e3f","2E-18","No"
"0x5f0afcf74d26f33693461c3414d61af6c33ea776","2E-18","No"
"0xb191f1bca557f6f8c3d4e9f03c274204fb2a2522","2E-18","No"
"0xbf168726af1dcc1bc86e8a312f86dabae3c3f4b3","2E-18","No"
"0x792465e9bb84893137bea87d3fb6af35d5654c70","2E-18","No"
"0x37766b67679a1014c89923843affa5e081df62c7","2E-18","No"
"0xee045965f7921fc27bae72b1091064079e8c3a6a","2E-18","No"
"0x868294988d4dac08cb8eadaec2cf7b0dd84c4293","2E-18","No"
"0xdc9cb29af71e724ae688ed294afd7cc8010e5e23","2E-18","No"
"0xb38c3ada3f1105e37dfef72b313d974cdd785dd5","2E-18","No"
"0xca10648cb9268be3fd52c636b87b2673d526c1d4","2E-18","No"
"0xf0b8648f40dbbe18c4f700232d96c8b44322dfae","2E-18","No"
"0x3a1d4a86bcb9564becc9e492644ecaa9de029451","2E-18","No"
"0x49dd9b1238de3640d4de858ff6b9340dd526ca02","2E-18","No"
"0x3eff368138ad51fa4b75b053da37f54377868cd0","2E-18","No"
"0x751482bb2f79d82378eaa4118cb79ae0b0e179a9","2E-18","No"
"0x042b2a2eb841b7166504fdb1617244724176eb91","2E-18","No"
"0xbbad3e30457c560a79b8628203427399296e243e","2E-18","No"
"0xe90ff6fbe56260eb9270a008d0b845bad6bc281a","2E-18","No"
"0xbabfb1d0431a632540e6ddd3e9db425f239c1bf7","2E-18","No"
"0xc6a3fe3450dc03b9b2f5f4342cea968e148d3e88","2E-18","No"
"0xb476a462225a28d68c1d930f315f7610e7895566","2E-18","No"
"0xce47eac970b949516d952ff08a1ad704cdbd3a76","2E-18","No"
"0x15e8791c22526c33c283ff015140475f3baf8403","2E-18","No"
"0xc4d6452205c9f67f01fc96636eaeb45f6e646f12","2E-18","No"
"0xe9adcad2091028b6584c0ebde97370d312e7fa6c","2E-18","No"
"0x499910fee5364dd9a5d9f90f0d82f1a2f2266f21","2E-18","No"
"0x52ee6c912add9b72e596ea6d5db1773271f9471f","2E-18","No"
"0xbac60475321346d999767d8c9895dbb87ab3025b","2E-18","No"
"0x65d47a79d1404e39f242b0ba856e1a329fe70a09","2E-18","No"
"0xae8aeedf6361302ba26e6b4991282a65272bdc97","2E-18","No"
"0x2d2a43a9e94305b29567556e8f7c23e367b45036","2E-18","No"
"0x2f33ec1b0e4bce48a1202b6dd6465d89a6ecdbfe","2E-18","No"
"0x6156adf58668ad3384fb52b1e0909fcb39cecef7","2E-18","No"
"0x3a32c24fd65a2932ab23b5043a15f5d9fff9853b","2E-18","No"
"0x6c326a0f8f6345d43fb0056eddc9fe1ea7f8729a","2E-18","No"
"0x9e37670e5b7c350c148c8e8ad2b58f5b7e7c34ab","2E-18","No"
"0x63cfc525ce400d4a001abc40e86767752ff64086","2E-18","No"
"0xe727002944bcaebf2089f87391056026bced5fbf","2E-18","No"
"0x7aeff0a98f920f25ec2c244ea54ae8f01e7dc72c","2E-18","No"
"0x2cab6e78b002c355f2c3435a100870d4697c4f2d","2E-18","No"
"0x9dc54d76764e2dcb81a0db61a829cacbdfa84c42","2E-18","No"
"0xe9273033a19333327f2bf30bc73eb614b6df0eda","2E-18","No"
"0xff956a0f2cf025c5af6bedd0251e8be5538a0af2","2E-18","No"
"0x686fbbca23d1b309384a760b8f632011f45fecfa","2E-18","No"
"0xd1a31d943224978e089c76058a40d51690fda749","2E-18","No"
"0x9135ebde4eb302d8ca6003449f48a2819946d728","2E-18","No"
"0xb8e87df53b2020692cde31146a81af86834bb7d9","2E-18","No"
"0x8688811b489c9a329e070078574310d17fff8f8a","2E-18","No"
"0xb9d8cfcbc3f6c9f5f90088256b851d8533b13937","2E-18","No"
"0x2a834352e175c6c387346cf60f130360234e52eb","2E-18","No"
"0x98899bbb3e1e8b21ab066b572e773917dfb2de70","2E-18","No"
"0xf108a2c6258205266ba82b4caeca221151044d1b","2E-18","No"
"0x195744761a903d515584938396908cc18d1e895d","2E-18","No"
"0xcf6914894ca0241be9259b9444264c08432f1fbf","2E-18","No"
"0x06f306bb82f5993c12b55144426178fbbaa35844","2E-18","No"
"0x6dd72940c794b9e638af3a55921bcf231c24e404","2E-18","No"
"0x8b090aa60703b7bdb374130940230c43a0c321bf","2E-18","No"
"0xed8b22eaa072c4d4f65d2b31c7bb6a6a715a3e3f","2E-18","No"
"0xf620008b8a4b82f2b9c218eba0652df3a191ec12","2E-18","No"
"0xad55455ab8d8fe63666fac554442f75ceeac5c5e","2E-18","No"
"0x7eacd41ad459ee2a4d3b862398e33eed9e5ea430","2E-18","No"
"0x85d62b4884381d5486d40b02ae13cc4bcccc8278","2E-18","No"
"0x16df34d53986be23fbd50f37e1e893392277b833","2E-18","No"
"0x018a5329c9b24f31bff452166c73369354ae71a6","2E-18","No"
"0x2f1fce1a919d8488b40881ae5e1735801ed86547","2E-18","No"
"0xa75372f100c8a8709ba3ae32310454d87cc698a9","2E-18","No"
"0x37f8eb1c9e461116265b7c0eb2c289a9e4b4d23a","2E-18","No"
"0xbaae526335bbc2d34323ff111e406c196fe78e67","2E-18","No"
"0x8f098d3dc200215049f595eb2d6847987f17a1e1","2E-18","No"
"0x387ee6a7ba9ed95996135cb873cfe3c19dd0ded6","2E-18","No"
"0xe53f740d18435b34eae590c5e7348cfd9a423d57","2E-18","No"
"0xde289d1db837dbf85a9de479f62973ea84bff99c","2E-18","No"
"0x7cb3f22b6677cd8364862dd299afbe6a3d17974c","2E-18","No"
"0xb5b4ac77b39bc21035efb4b148773ffc486f60c9","2E-18","No"
"0x843440640d63f2947be7b76b593c2aabaa5aa2be","2E-18","No"
"0xf397aa5e50b07cf790a620d24a7e9914cbe68611","2E-18","No"
"0x72539ca0e9d0065af38bfdfb8a8874a7b5083a01","2E-18","No"
"0x689ecb227ac55ad68305da01aec1a6e03644bf89","2E-18","No"
"0x7fbbe2a86dd74884b8312bd78888a21331149831","2E-18","No"
"0xced41f668cd69008e7b009ec1d2beb9854b29e62","2E-18","No"
"0xf246cf88e01ac1820959eb50faeab7e0fc5356f5","2E-18","No"
"0xf01ac6e902b97a90c8f71fd17e6fcec4b69df65e","2E-18","No"
"0x73a5a9a9e3bf42102e599cd236d45545b0800bf0","2E-18","No"
"0x36f26d4e63091dd933da2649bbb10907dc1b08df","2E-18","No"
"0x3ac28c471d0c3f97a67279290d66d029f5e7979d","2E-18","No"
"0x71495c534e902706ffbe5782a695f8457ebaedbb","2E-18","No"
"0xbe4e71076da4e47e640ab2f8a47f512fda39947d","2E-18","No"
"0x76bc6b68b75c5600220aa71ba7c2c613be7ef6cd","2E-18","No"
"0xe152940ce91529fb5cb34a4d1ad6120bcd6e125a","2E-18","No"
"0x4583591fed064089d7eca7122c7dcec4f61930dd","2E-18","No"
"0xb8c283884272133063e4616c330276645a36cb67","2E-18","No"
"0xe3b0374d437057fffcb004c07f677d6233ef0b0a","2E-18","No"
"0xf18bbffada19c5257c1f05bde60b4af9a0efa28a","2E-18","No"
"0x0809611ae20087b5ce8c90a78266754a838d3c1f","2E-18","No"
"0x08e1a00900785aaeba73bec422e135716f5e2202","2E-18","No"
"0x997dd35319c7b591ee97d3026c4f770c6aecf834","2E-18","No"
"0xe52ebf3feb46966ff0bb2fa2ec52582be19924ca","2E-18","No"
"0x106569339067d926e5e2240992b74683ed16c65c","2E-18","No"
"0xac5010a75c1e481fe661ba909668b50573d01dd1","2E-18","No"
"0xd1e1518dd9a130086b9c15d3d3ad5a24c29efac6","2E-18","No"
"0x3e08d16cebce599d49b68cd44cb24bda237768f5","2E-18","No"
"0x59520300a69fdb2958e782b542faaf0bea585f99","2E-18","No"
"0x55f6f196ab99a60b1677e8a23dd207df705db4c5","2E-18","No"
"0xc09860e4861dee731ca2c68509e9ac9c7caa180c","2E-18","No"
"0x1f2d0c7260f13b8e000634e1786b89a2bbce4abe","2E-18","No"
"0x7f71f569bafb8a9a91825e6b6a6c64a805d0566c","2E-18","No"
"0x4708ec8273e6425f347d7051bca647b7b1780163","2E-18","No"
"0x21d3c56a29a01609ac23800697cf90b2716fdc72","2E-18","No"
"0x59673309c36be747b67278adea45c3f51c9d62f1","2E-18","No"
"0x71ca0dd5930aa099512454321ec4c38f5ce5d681","2E-18","No"
"0xd4298ddac24cf7a8253f791f2b3c44ebfbdf8c6c","2E-18","No"
"0x9f73b38898f460df083528e5d808907d6af132ca","2E-18","No"
"0x6599a327ff655cf6480c93a39b2a4fad6c88c6aa","2E-18","No"
"0x9d01fe5e67c740ea80d18cbe049babc9735e258d","2E-18","No"
"0x430d8a00cd307eb12a571bd1d2839c144bb3cdc3","2E-18","No"
"0xf052198e057cc5079c6dfc76a1a0f4c47b3a2bdc","2E-18","No"
"0x0e074aa04b6155cebf6f85248f5f69d98ba7a60a","2E-18","No"
"0x424738731a3f61039b045cf2441aed19bf2cfb0a","2E-18","No"
"0x5ea3147959236d3cca346ef4cba649ce28116a5e","2E-18","No"
"0x64236831fd20da23ab0b0b04e3d5ff506290ec74","2E-18","No"
"0x15cd28646bfebb962db94c1de2254952b7997cc0","2E-18","No"
"0x3de71738ad71b935c2460e43c11f2e1ed461052a","2E-18","No"
"0x85425a789bd5b08f0e04e6493d9ca895d1f83de1","2E-18","No"
"0x3dbb5cdaf0bd497055c2c0a81943050bef19d1bf","2E-18","No"
"0xb357fb9f34b0911e250272877058430651d4bf9a","2E-18","No"
"0x99e77247c23dcf4dbe7d233f427f9efb7ecc446a","2E-18","No"
"0xb297c65c7b0f32e76d639da1c925813b67f79aef","2E-18","No"
"0x596c67f3d4ef134c655239be0c4792259eb82aca","2E-18","No"
"0x7f68f6365b7de28ce4755112053c54dd597286f8","2E-18","No"
"0xb0af9497375fd736332e96617a651b9436de9a75","2E-18","No"
"0x75b2f2aabe3d8d0aff779fc629ec367127f79f6b","2E-18","No"
"0x4408b89aa5f2a81c5b1da457d2e214b71e2c5c8a","2E-18","No"
"0x1a64f0d2b982ed9085aa7d724dec3dc10fd4a5a1","2E-18","No"
"0x1e247e9fa128395593376159d4d6af8fe7cdbdaa","2E-18","No"
"0x1dd44b87cd60b8ea57f9e7542a9cc4a4b4c0e2ad","2E-18","No"
"0xa44a3545140d70e4774158bf2948a740ab8a5878","2E-18","No"
"0xe7eb163134ef872dc45412810575e6806932c7a3","2E-18","No"
"0x57146cd8a5fa9207a304218184078c5907fd3809","2E-18","No"
"0xce47c1225dda46c7b8cf54cf94378c38027f774f","2E-18","No"
"0x731470b678727955a40bc448c0bbd31d1871dbe0","2E-18","No"
"0x872658be2a5948488698f16aa2cb83bb177faa30","2E-18","No"
"0x359c4843dd8cd46fa0689e1296834f7de5245e47","2E-18","No"
"0x7fdbed8c3300bf7d31b032d8747f87702899118f","2E-18","No"
"0xe04d9297968b51fa22ac8a11debfaac4aba9d579","2E-18","No"
"0x75b2f7bb16658690aa9ed3075230160739b72c62","2E-18","No"
"0x7d72b3ba2666b34b667c8265f1c9ae3cddb5f939","2E-18","No"
"0xd5658db8b374b18664011e5be10e638aff4ac055","2E-18","No"
"0x9aaefcea8ceed54240fd12f64b72ce31dfcc2719","2E-18","No"
"0x6facd3b6471138eb89568ad6fdc65a6fae5ed802","2E-18","No"
"0x947043931322d9dd43c9b0acd9033be430b32692","2E-18","No"
"0xeaf20eda89fd04e152f42a3dfc0093a3eac89965","2E-18","No"
"0xd289b4577f77a181bb9a89b4ff4166670d93e559","2E-18","No"
"0xc89de91cd3841ad083e130a4e4886f6fe2e61663","2E-18","No"
"0xe93d0c89f78fc4cdba04edb68e2ec920974b038c","2E-18","No"
"0xfdc40c18b4a3aa3de5581918330a05d6afae643a","2E-18","No"
"0x762fd3ba5b2aaf2e8a7d8854396a152508975ac0","2E-18","No"
"0x0100569d3daa2d258f8b21d4ec833ed21d2ff2dd","2E-18","No"
"0xd82dfccf3b78258e229883c4b08f01290473083e","2E-18","No"
"0xae55e9c242e3312b1442f2a688d804b66a88cdc2","2E-18","No"
"0x51686e11277c2cd75df7cb408d19ef1df92b2562","2E-18","No"
"0xf06c20e51289b1ec1cb4ab060327ac0a70094f77","2E-18","No"
"0xe98a4417834ea12ea17a38e5c3c668ff6f27fda1","2E-18","No"
"0xf6aa9c5fca96b9d1251f425d40f94de4bfc4c73d","2E-18","No"
"0x101c374b6707666ec21908533864f2ed6d4d2b2a","2E-18","No"
"0x364777c61004c269ce7408a1599756b4023ee8cb","2E-18","No"
"0x0733a1838ec19674e0167bc2fe8eefc1a2d034d9","2E-18","No"
"0x8cb5e0144e07c630c63e956d082018bd4e6f65d3","2E-18","No"
"0xc66e4d679e6f0b48086ba47e24906dcf9d9e9267","2E-18","No"
"0x4b1649e245d4b1e400a9caf15e0e42a0e04388a5","2E-18","No"
"0xde05e3c85ec4467de0aa587092b25618d2fa614c","2E-18","No"
"0xa71a542e31dd9f03c9e6faa162631a60b5c25cf2","2E-18","No"
"0x40604242153b4f043bd8f77a0f29d53cc59107ab","2E-18","No"
"0x89ede19302cb7844dc47caf98d5af3d54f3dd817","2E-18","No"
"0x451c83a4ca02a558d6e0b86b6902f047492d3765","2E-18","No"
"0x8b39212031498a0741bc117959a87b8fd8dbf7a1","2E-18","No"
"0x887ceb588380b55ef03c6f2b8b23c7647102f11c","2E-18","No"
"0x5cabc600097edf180c069901544b3a895b2cce68","2E-18","No"
"0xd56ea32acba8d7b61ca6e8d876751e18e584518b","2E-18","No"
"0x9008e43a5dac39d49644b151b1dcb3987b45a517","2E-18","No"
"0xf76cb5180fddc282583d2ce4eb310cb2536ed8b7","2E-18","No"
"0xc3faf083339e6c1e80082c94e30f27eefa2c2750","2E-18","No"
"0xc2a3304bda81f042c6e06dc4c9f7817cd83aa88c","2E-18","No"
"0xb7ca9266408787b64ff993d874f713c2b32c8c61","2E-18","No"
"0x92dc80c1431f313cf2105ac70603b90c2574db90","2E-18","No"
"0x94fb71502e2338db9f8d80b5c1020c62310574ae","2E-18","No"
"0xcc099286b05b88783aecc09d0d32be4b9a2cd78b","2E-18","No"
"0xf93e11030de59afda64ce1fdd36d5173cc649353","2E-18","No"
"0xa7568d62e48c6f8069b388d5c7da5c60a46dc92e","2E-18","No"
"0xf64a30fa699528544d06e754c20602dae0447042","2E-18","No"
"0xe4dff231fed7a7775f42b0f554583ef48788586b","2E-18","No"
"0xb2332437829cf38e49fb4b80d37ca52b665c42c6","2E-18","No"
"0x025466fb7e5351313939f54399fae325b62e53bf","2E-18","No"
"0x2b79d082c5e9360eafd52fabf9238faac1110ede","2E-18","No"
"0x2bd3329740ee329f8cd07d101fcbb6179c57789d","2E-18","No"
"0x3b4e5f1b36e44c3627e8979d554a2e384ff50ced","2E-18","No"
"0x43b1371317976272bce3a93bd7f9d3e41d3fd4c6","2E-18","No"
"0x1914bfccbbe949cd5caafefa71b000a1923e9043","2E-18","No"
"0xc8be67311e60ee2065e8a8f148c38467c3ae99ed","2E-18","No"
"0xb388b7a2d42fd5eeafed3fa8d50d381e4e355270","2E-18","No"
"0xef1bc16bb841d5deff59d01e4e026b494e1eb7a1","2E-18","No"
"0x21b5827d405cb242ecdb4cf51075f754328ba60b","2E-18","No"
"0x48084ca494bf6e961a5588c422c40e89c69178a7","2E-18","No"
"0x6290ace9d4e2ee8c888f7676f48d1d7325ac2146","2E-18","No"
"0x73291fa725ddbe914d89fcbb80ae6b5792e24356","2E-18","No"
"0xeddb34857a5982f40b00565f02c25db0c3984963","2E-18","No"
"0x626c26ebeb36272d95307ea45bd2dfd01cd05f6a","2E-18","No"
"0xd4e94a38d0a2a2c4170572bff631935ea1f5fcf1","2E-18","No"
"0x958888fdfdca014c97fb22669372d24140e6e837","2E-18","No"
"0xb3d5a05632c8f4c613cf5e0d78ac7c0640fd66ea","2E-18","No"
"0x56edb7d489a09f0f37659717ab88c567f867d55f","2E-18","No"
"0x766960fa87adf91c4c5b40f134c14ad098111be4","2E-18","No"
"0xc8ff212b1396cb5bccd2683d9dc60d9928300b2b","2E-18","No"
"0xa8de1d5d6145b69b2273cb46e8ee0b1c5e31e2a8","2E-18","No"
"0xd229db7c343fb2368b85760f6edebe7d620d5186","2E-18","No"
"0x457a6a49de07d49a48a0ea6a6bfa364b695b899b","2E-18","No"
"0xc5f06acf3fd9d9e65ceddafda4db209fb63b7954","2E-18","No"
"0xce75f7d36d8cfd6724e6fd10f4d1b972d1f151fb","2E-18","No"
"0xb22531f21c2cd76258ba0fc7bc5c0d9b60cee3f2","2E-18","No"
"0xc1dadf2f0ebb66c9b54a9481ccdbd9181a34e138","2E-18","No"
"0xf51720761c30449db5dbdaee77874d48fb03219b","2E-18","No"
"0xce44bd45273bf791a7c1cc3a0d3f8699f87faa0c","2E-18","No"
"0x358275f3a7a9fe3758599148896201b078096432","2E-18","No"
"0xf6f4437ba411ea718260b3333f47d919f43db505","2E-18","No"
"0xc7b9ade1d4e7fae9a1723d4b174b380cf7406568","2E-18","No"
"0xd4939e60323bd7ced6d040452d6f75841fafbbc6","2E-18","No"
"0xd6cb29bf7cf1e45368e62281b015f6f7c8b26b29","2E-18","No"
"0x68109b9ac7139b1fd70ddbe67bec55ebfd89c528","2E-18","No"
"0xa7d788d7ce34fc1bf646673855eec2a2468ded37","2E-18","No"
"0x87296edf5e7acfd3fa09c515be8448e649a08294","2E-18","No"
"0xc1fbda94c26c6fc5586e8c2331c8ba2a7905ca88","2E-18","No"
"0xd2e9e39b532d2c4fda3713f810241ea95b7a6822","2E-18","No"
"0x964f15801a43f7636960912d7e4bb554c9f221c5","2E-18","No"
"0x6e8c7109c0169094e3775da98e3115a6b74fb4e6","2E-18","No"
"0x5842cc1c44e833cbfb87105754caba1246372eb4","2E-18","No"
"0x6865ea216f21478d5940169643663ab520e83176","2E-18","No"
"0x8fd9efaeab9325d2e97c2fe7d0c6ea378eb82228","2E-18","No"
"0x3dc435100edcc8bc42c4e41eb4fccb7ea534d819","2E-18","No"
"0xf09f205fbdd1a0fbd88fe0542abb48f047168fe9","2E-18","No"
"0xb0f33e286e27a3af3d40559c37a850d31c81e448","2E-18","No"
"0xa8060f32b8505600dd6c2232435e57b2841b7c28","2E-18","No"
"0xe705ada79f9db1f1c83d309e8253602fc2d6231f","2E-18","No"
"0x1da610815e44b8b222dbf37c343654b98280e852","2E-18","No"
"0x89c731277521af5f43dda26f41ccaf6ed657d547","2E-18","No"
"0x3b626ab809a15f3b0865f72981932dafae7d53fd","2E-18","No"
"0xa8a1d1cfd72e67e4732c948b9027ee5e8f814ad4","2E-18","No"
"0xd928c038f0039ceded9f06d6df03f72086de043d","2E-18","No"
"0x947d3d1162279a33b12291e81456e6b8a3931040","2E-18","No"
"0xe4c6d190b6332dad126209d31ca249ef3fc9467d","2E-18","No"
"0x2765dfbe6abe16a9bb75214af536fb98a8fe79ff","2E-18","No"
"0x1ae366593664e94ba8da5d648c6cefe1134880c4","2E-18","No"
"0x47ba6b44fbfc74df1f430cf28810da3d317dd8fd","2E-18","No"
"0x9d255b1dc39a3b80ee8ebab6bad63c6b128fbe00","2E-18","No"
"0x16ca764131fa30443ff9878a34b387350e4277f8","2E-18","No"
"0x37aa489389bc023e32449e68969c53b944c380e4","2E-18","No"
"0x5c03d32e62930a1274edddbfdd4df1c9e14a0322","2E-18","No"
"0xf7528d1b8496dd96f265fb0f68a1acba1d404d1b","2E-18","No"
"0x45486224c60d60502bfb678d2374927eee5a0a30","2E-18","No"
"0x7c57d41bb8dcdbd0e0cead3a2e4a35cb59abfc32","2E-18","No"
"0xaaba1a9d57b7f05d37f4fb53a48af713a7ecac83","2E-18","No"
"0xa1e712ebfd6b5aa3baa7a81256067b3eb66cc79a","2E-18","No"
"0xc4cd47c06daa79da62ae4facb2290473247cedae","2E-18","No"
"0xf85815bcfa02625451995bc9d415e37b6b87dfd0","2E-18","No"
"0xc23f5869aa53679a919b335acf08c7b65bcaa03d","2E-18","No"
"0x0afb92967e988a528b0b8faafdd67e8f9679b931","2E-18","No"
"0x169d2e79f7c1d57cbded5b81e9905d46d5bfa8ea","2E-18","No"
"0xd1cc4d53c67fabd374b44f947a3229387236e0b5","2E-18","No"
"0xe43a7e2143fcc5f7e065e982cd80467b48fb55fe","2E-18","No"
"0x6001f96564b592537890ebc618b1ca7fc63388e2","2E-18","No"
"0xe84a11161415862d98a7bdca6e2737232504bbe0","2E-18","No"
"0x39f384e649d779702b7839b97f39f15eab6e755c","2E-18","No"
"0x62dfd2537d85a9c626fc51a52a6410d61f4b7c10","2E-18","No"
"0xc4ec23317a8d6bb23dddd6270f5eb85395f50aca","2E-18","No"
"0x2376b1b912fdf55a5701b5e56026326726bf5028","2E-18","No"
"0x13feab355318278db7b427e179ed8cb4d34c3abd","2E-18","No"
"0x08ea52dac083a6842c59e9f4d19fbff7c4a11c19","2E-18","No"
"0x38bd1a83bc2044ff2c5854f6177f773ec5e77c5a","2E-18","No"
"0x24b9c6dcf7d86e09ce7753ab52658d56cee40023","2E-18","No"
"0x4f08df050773020bb1b9ab97d872dd37d8333350","2E-18","No"
"0xbd702e61e777f5dae90e708126765866f17c09e9","2E-18","No"
"0xd99a66d6acc4a4a972027e35992e92c240e1d143","2E-18","No"
"0xfad091c4c3388fa9eb8f1562cc2c16b98c26b976","2E-18","No"
"0x4ce1b42904d9bcfb1b1aae1b52946bf20c73d579","2E-18","No"
"0x0ebdf358e684a9660ea226232b7e5a57867eb343","2E-18","No"
"0xfaaf950096a671e8595ee9ab7a2b73c978388328","2E-18","No"
"0x08afe9cb875d00550df272d5ba6ba429ceff502e","2E-18","No"
"0x8b8657a2d52f370455fb380b71a37412f7f6186b","2E-18","No"
"0x8cbf200cc49711606873e0c477b1362c91dc8f1b","2E-18","No"
"0x90981ac5c4ed1ac7ce1685856b5656d184a3d7be","2E-18","No"
"0x76a2155e0d469439833173ac17c5cc25fa2b6816","2E-18","No"
"0x562a46154bdc9cdbc710d6de592c8d0226d098d9","2E-18","No"
"0xd4ff463f3fe62c90cadec501beb1ec81f030d61c","2E-18","No"
"0xddd3a520c9be5d4d7cc9476dfb4ced2af9df7c0f","2E-18","No"
"0xad1609c3b5d375523abd530a698d627b58324e41","2E-18","No"
"0xb62b8945b327d0102b0bc38a57d75b15d625b6fa","2E-18","No"
"0x6125d3af6ad842e51f8cc79fa200725cd3c3501f","2E-18","No"
"0x02a4ac561a49bd3f4a51f97b8f5d697a4eeea26c","2E-18","No"
"0x471bb2f7b36c44135ac4a742351409b7ece22613","2E-18","No"
"0x7e42c1dfd03d603319e625d39d02373eb36b56ea","2E-18","No"
"0x3551ac4f38aa38d0ac493c474980b3e2c21bf791","2E-18","No"
"0x1a0c2970273a1f919cef74b81625d1942e461c67","2E-18","No"
"0xeab6edc246ed0c37a7cd24851d002656e297eaad","2E-18","No"
"0xeea631ea40c1511e33f1c6235e5a8c0332fbf873","2E-18","No"
"0x6b19ebcebaf2f6b19b4dfca4fc8b1c8c40af6c6c","2E-18","No"
"0x07eb3c700631292dd11ee3a41cffc44e2ee2020a","2E-18","No"
"0x14c6e5b2dba00e93b143ee76b59d36908a882991","2E-18","No"
"0x746b05ec2013b2995a22e134be4c60f3819c1bef","2E-18","No"
"0xf5e702f453020d130abf68498b5f849c4c0ef26b","2E-18","No"
"0xc19fa9da6937b84be2da9f88759c6568ccac3681","2E-18","No"
"0xf5af4522a1c08cd1b5e5696877619676b4730f56","2E-18","No"
"0x06adbe4305b6a999fecd3d612ac08f2133170fb0","2E-18","No"
"0x0987589487d2ba7508474b468c3fc85e617b36ff","2E-18","No"
"0x581cbc264347ff3ae5af41bd712c92092199b004","2E-18","No"
"0x4db52e3788c381e386448cf82d0460383b066b52","2E-18","No"
"0xc6ce8664818cbc98e100aa6485048bd2f03826e4","2E-18","No"
"0x3ace35872ce80a10b0b5f8e20ec2d6b6808df903","2E-18","No"
"0x00847f96c75f1fd63f6d625a3342ba0123b20200","2E-18","No"
"0xb9685181c48061cd23fe8322562608695c8d4da3","2E-18","No"
"0x1c1468e4a171fa58a3684c3cf755e1c752e4b1aa","2E-18","No"
"0x5c16515d89366a32f86011273b5baa08fdce7a57","2E-18","No"
"0x9f59b03f1f0ee37435afdd99155c71550729f500","2E-18","No"
"0xe0bd59e03a15082170133ebea5ceb896b4c0a64e","2E-18","No"
"0x073a0c8011abd18ff5cc20734924ee72bfc48d67","2E-18","No"
"0xd5d73e1d5aa8a765dad4e755436c9156aab9e750","2E-18","No"
"0x70f69d104d2cd89abc3d075248377c2cc05f3642","2E-18","No"
"0x3213101eb5cc6fed5e61983ed56ae88cf76b2c55","2E-18","No"
"0x601ab38d41b11933b06bc751a44ef148a91736ea","2E-18","No"
"0x2e63ab09c4c57b0bdd2f8e026bc2c33cb8c594d3","2E-18","No"
"0xc4cb4df6ba212c29371bb53a8162cabec9d557aa","2E-18","No"
"0x4a39260efe6b0031d52417708e7f8515e7091c93","2E-18","No"
"0xa0e5844001f6641298b09bda76fc22bfd2745483","2E-18","No"
"0x8727b911f41a913cea3de91d00033fd370501fcd","2E-18","No"
"0x6f81124c5d3d606ecfc7cc136ac6e4e23e4b1ea4","2E-18","No"
"0xf5b9da0c304e5bf3d1133b36b7bf6891b7a6ef49","2E-18","No"
"0xf5308ef70ee433ed2e4fe8f193228508dd95327e","2E-18","No"
"0x9a45665e7e63e1ae5e2aa09fa3c51a0d06a0d757","2E-18","No"
"0xbb4daecdaea339b8f5e4ec256714534d3c7f4912","2E-18","No"
"0x0c71c63c504b704fd449031bb5012bc30bc5283f","2E-18","No"
"0x056ac604d80cf08a97d6d17a6d637e02a8103ef2","2E-18","No"
"0x0696118c0341528d44ed25ad885b47453d9b9934","2E-18","No"
"0xd79c5f535940aa8b8ef13889c145bafaf7d52727","2E-18","No"
"0x347cc3b0fc4e4db5a95cf1ac25d3609f5be655d2","2E-18","No"
"0x78dbf360dd165ad3dcd94f27597ac9f3adfa91e5","2E-18","No"
"0xfcf57b4e39872d3035194333316ce59b2f7383c1","2E-18","No"
"0xe9fc4adca249cd4d1379b36484d183899557bf7b","2E-18","No"
"0x47ea929cb3526b039fdc396723bbe70f9793c93e","2E-18","No"
"0x51f6903a0e943b4b688ad89f474fae7bd6f20afd","2E-18","No"
"0x9dc0d4609ec5721351d4ea112640c73f8be9fa84","2E-18","No"
"0x973bd30d52e9597a8c27fb099aa8e85cc726dcee","2E-18","No"
"0x7b627586ce3ad91b79133f7387f2a34ce8bc5503","2E-18","No"
"0xc7d98be51af68e574729d5e183ad4308776865ed","2E-18","No"
"0x698ddfbb1d6ee17ecf7ba100975611cb798ad4cc","2E-18","No"
"0x71492dd0605aec4f54632831a80c47f517f6886f","2E-18","No"
"0x09db9eff0917d00d76a1d6198f065f36079217d7","2E-18","No"
"0x4c38bd83b96b29fba2f78f58ae3958b354e42c8b","2E-18","No"
"0x0ab7e94b3ae43fab7602bc32102a05437c97eb7e","2E-18","No"
"0xf973afb1b765e83644f211a4f83b16eb62b21c3b","2E-18","No"
"0xa4ec4e213f004ff15b9b040f53133402f5d97b93","2E-18","No"
"0xb1434f50f6aeddf607f3b02aa88e902be9ea2ce2","2E-18","No"
"0x3a9ee1ad54f0f05f1ab1adb73276c7313a37f995","2E-18","No"
"0x4561d9647bcfc4dee48de12f23bfe3e4bb72bdbd","2E-18","No"
"0xc540f2cca4f8cf1f06bf5312efe19496a089c319","2E-18","No"
"0xf1e824fe22299303ede626b55fb91b8fa6376bc6","2E-18","No"
"0xf776503b1aeb1b8706d5d67e8af58d0e1906b4a6","2E-18","No"
"0x7c7a1a5c8a002d48c7f238cd32285820905ac3d2","2E-18","No"
"0x09260ba6dd33c3fe3a022af6d86d0725cbf9ef79","2E-18","No"
"0x78210efe1528eaae0e9a99e753959f02c75fbb61","2E-18","No"
"0xa5a0b7c3dd5dddbfbd51e56b9170bb6d1253788b","3.25","No"
"0x25b06305cc4ec6afcf3e7c0b673da1ef8ae26313","9.01199476514003","No"
"0x40035b9144bac13a0ca93003526f77df3a8e2b55","0.633854627503231","No"
"0xb0e83c2d71a991017e0116d58c5765abc57384af","1.88305592005758","No"
"0x5b878ba97bae92fc0aa6133edbf2f58d52350d65","3.733791522031E-05","No"
"0x81a94868572ea6e430f9a72ed6c4afb8b5003fdf","0.384542117355445","No"
"0xd49c2798f2b2dbb12570cdf3dc18d6dc900b422c","0.0122791988459604","No"
"0x61e7864d7174d83e5771bd8e75f201d95d2110ed","2E-18","No"
"0xaaa62dfeb5f428c4c7b03743ebc7ac1e7bc4bc8e","1.1","No"
"0xea3f4dd0b129922f4c694df2927057424506ea3e","3.7952165745686E-05","No"
"0x9b04a9eee500302980a117f514bc2de0fd1f683d","0.00239382814693386","No"
"0xc6934a58a08e3112fae870a504b8831b71a1b305","8.2222326166028E-05","No"
"0x644239848c7b402d813295893db428aae7cc4cb5","5","No"
"0xbed4470055497ae39fee3c95e65f6f3def390a7f","3.202919519433E-05","No"
"0x1ccb144b700ec726d37db38c617e154de6d9c0d0","0.0405547760905904","No"
"0xe716ec63c5673b3a4732d22909b38d779fa47c3f","1071.12233749555","No"
"0x7efbab040005a3ce4be0c63455983fc79a7f81ab","1.824025593861E-06","No"
"0x1bc7a65da0ade80bc665f1ddf329b2a7fd50b621","0.000343669806646106","No"
"0x94c1f0eb823714ca3dc75e094efb9bc644ddc332","6.0209663810421E-05","No"
"0x98236e9faccca1740f22a46187b3e062f88d3720","1E-05","No"
"0x94f3ce3d11a700597eb479dcbf1cf5c38f9da0f4","0.00189598873561517","No"
"0x060b50b5686f09ed87a1e42eebbd14d289530459","0.00517230910015646","No"
"0xc0ef25b17ac4012c2961f6c5e16919b994b2d982","0.00132550705467374","No"
"0x1bc64307e6ddc620635b862fd2051be32bbf26a3","17.5942567672407","No"
"0xb145fba04c22ca35c2dca96e6cba2ec2d7a71ec8","0.00236319046260247","No"
"0x6130a038b17f7ee8d28abd54415f2066c0e81b0b","0.773922117453652","No"
"0x0cad7af8b05d0438ffa1a1b73d05676154ae1dca","9.8E-17","No"
"0x183bdb344a07ee3d27f07ac4799a56e4a2fe5439","4.14574325673E-05","No"
"0xd83256a8bb182e7be2382550ed24861c71108d35","0.00929608867394621","No"
"0x83a6899808b983fe94c7ed5b19173ec9f4940b3e","0.00044919808035214","No"
"0x451248229712d6f207ff9466d8d3a33cb59d103c","9.3123054365382E-05","No"
"0x68d36dcbdd7bbf206e27134f28103abe7cf972df","3.28376336900829","No"
"0x72e1638bd8cd371bfb04cf665b749a0e4ae38324","0.0547655586062305","No"
"0x15c6ac4cf1b5e49c44332fb0a1043ccab19db80a","1.07888653065878","No"
"0xced608aa29bb92185d9b6340adcbfa263dae075b","3.79432173969067","No"
"0xe04885c3f1419c6e8495c33bdcf5f8387cd88846","5.42106845166784","No"
"0x541ffd67537185cb4abc2b028795c2bf4ac6c45f","0.00317751118383158","No"
"0xd74aec3555965b70204a2f07f5626509fd2134d7","0.00167164943733987","No"
"0x83e874e6314cddb543fe5fe500ebb05d5b7cf183","0.00167162103670809","No"
"0x71af436ef0e586645fba6626a8db1dd2c0296428","0.00317159263645787","No"
"0x60327474805563755242df32eaf00e0c48168782","0.00167156423658919","No"
"0x0617d8b4509d856bcfd0870b1bb27c8f68e1d536","0.00167153583710204","No"
"0x38c3a126385d50418b6b8ef5230db47ad1cb1534","0.00167150743799642","No"
"0xc9c1d2eefc6f646067a0097913fd687d58baa535","0.00167148140256291","No"
"0x70b31eb52667550f809eaf27640be26a1c1a5969","0.00167145300418329","No"
"0x54a9710fae568d606306b99ae638c896f688e80b","0.00167142664796184","No"
"0x350c8c1f6ddc0694f5a23fd566c6c2f03201d0fd","0.00317210787376084","No"
"0xdd67a50d69ccf00f3e190543790cd6a3c170681d","0.00317207946536955","No"
"0xea0397835e4647b882dd1c5e10ee8b92c2848146","0.00317205105735998","No"
"0xe0854225fa2bd285331af412c0fa270717a10af0","0.00317224058688863","No"
"0x8318d8975295cb8389d86ecb6eb624ab71616fc0","0.00317478298791305","No"
"0x1699b14588b52916b535a6f3529a1465c406aec2","0.00317475453731365","No"
"0xd26a3f686d43f2a62ba9eae2ff77e9f516d945b9","5.12367448146254","No"
"0x1e8994fab0648dbcb7d6f0bc5b6415cca99c79b7","0.00300694570552773","No"
"0xf96499dd6074d44401eb87e37b6e58c5c78ba007","1E-17","No"
"0x6103a9e1ccb543e7488283c11b220943c7f85cf5","3.14984216909517","No"
"0xf9107317b0ff77ed5b7adea15e50514a3564002b","0.361577444456099","No"
"0x5acfd914f2dfd41f07f27407bd7936f43d0db167","1.05500375227E-07","No"
"0xa1c6bf9a94e603c0c7e0559a9bbe6329137239f7","3.14978493037128","No"
"0xb5806a701c2ae0366e15bde9be140e82190fa3d6","0.00433547971688625","No"
"0x28fd732bdc2d9e8bd09f0edbb19b4d458344947b","0.0318879757871944","No"
"0xa5570b7673ed7ab8f5cbb7a7ae9c4808ba00c00b","0.0212849881988278","No"
"0x6d7dca43bc7685b74a040dc71cd2e721e87f8bd5","0.0014242724867725","No"
"0x59b8c949d5eb9fee0ba981fc3fdaa9e5b64652ce","3.692732112578E-06","No"
"0xd2ecd6c235c4c30d2c669c8eff4186cd1f6f8832","0.545","No"
"0x7a766d734096d1be1d2f1c2a6dfe50dcea33dc8b","0.000595561025980898","No"
"0x84740f97aea62c5dc36756dfd9f749412534220e","11.6024308463919","No"
"0x72cdeebab8ab3eedfc04a3183f5c75e3eab59ae0","0.000717060590104067","No"
"0x6fde7365bb2c917f8fa5abf9b0bda079b264304d","0.54235301536901","No"
"0x65b892fc639ac32294d3449c9e0fd0aa3a6cfaf5","0.0017316960860575","No"
"0x2baa097350be5248d633ba37e1e47d2720e5da47","0.00163308599019473","No"
"0x5694d4bb1e242a125eae18f57abcdae0211cb086","77.9576061705213","No"
"0xc8b93c4079841353760dc7d268490ed61040d91c","0.00224139969830245","No"
"0x702c067023ecccae8615caadc4e326970491a836","1.519663669088E-06","No"
"0xbf83edba541786fe221beb20c81d2fefe5cfee2b","0.00130880697703178","No"
"0x668fab5429f363f87c17b1d9f7eada702cadae1f","2.30784329046E-07","No"
"0x4e99bfbee1020138eacc68a32ed7fc6dd2efc08f","0.000419955154877419","No"
"0x9883cf029cce67f09357a4875cca22e946e88391","0.00606628360643026","No"
"0x5ee2e8828ea4957713b31b8ec2a3df40c4976f5c","0.00108190003056829","No"
"0x480df7740f931308c530fd2e52d7c507ec2337cc","0.000668169879011339","No"
"0xd4736e9e0947f1be3adc14089778bb9bf6162146","0.000668167847530994","No"
"0x3a05ae97f442a81db97e0067003e711963ef6087","3E-18","No"
"0x1e2fc6dabdbce1b991ee26daf32a64400d7884df","2.06216513E-10","No"
"0x806cbca3f3ac3cfa75ea4838433cae969935b06b","1.639068729136E-06","No"
"0x448fda59cda7c93d8e4476acf0847f27e9e2c605","0.00155511211490026","No"
"0xa54bac4656c5aba5d50462e92a3edff7fb2a364d","3.5999811194278E-05","No"
"0xaccfaa3a39f3681e07f5d6ecc0a9cdd86c2eb775","1.14721225381042","No"
"0x9008d19f58aabd9ed0d60971565aa8510560ab41","0.100099411758545","No"
"0x094e4b82a5722271546cca99c8c351bd840669ae","0.1","No"
"0xba924680301a8a4fa0225f18bd85b591d80da8bb","0.1","No"
"0x10a09c104057704ff1a65eb69cc0145505a2d40b","0.00186353920394284","No"
"0x30f89f5f4cf25f457b4d9cbfb64a64a97f00bed0","0.0170553367341121","No"
"0xe0c50ac605b255ec2b02963f8db2b9fbc3274402","0.42471999294017","No"
"0x50a47d392a28b1af10f6af8c794f564581d01d9e","4.797839948648E-06","No"
"0xc906e7d8261f13acfeadc4f7d01f175294da06b6","2.027593549438E-06","No"
"0x3d77c2b611f05a8bc33744fc6705ca56a9786221","0.000153120290897741","No"
"0xabbd89dad9aded5e4415b49cff677358a37ca82e","0.0132901734792984","No"
"0x474118d576be3afdac1c297c4e1b942fa7f34300","1.58394055716682","No"
"0xb4633912c7374cd94d8917a167449e23b46d0ad1","1.6469429104808E-05","No"
"0x081afd13ec0354cc36b7e06d45eb8c1ec76c9899","1.557491864209E-05","No"
"0xf3ecdd8727e8b9bb6efe1d6a3e83b3f6f1827dde","6.1266023909414E-05","No"
"0xc8f0bad3284d5a9d8508e97ab83b20ced4a84e2c","0.00028686485876019","No"
"0x2190cf9ed6890b1128f01d1976a5b851ee010315","0.000321867911621829","No"
"0x74040b0f71568251908b09d0d6943088a206e0fd","0.00124534535294352","No"
"0xc4517fb1a1cc44da670c3600f59aba68f2dcaaff","0.00052142571202607","No"
"0xe23fe9ecd4606fc576a3ed12eb86c36200514b98","0.738298163514824","No"
"0x40c011b3572f47b815b0ebc3e63e2e4ec4c28de3","1.213383E-12","No"
"0x000000008e1fb330d76f5067c5aa12d36f7ad478","0.14500516696801","No"
"0x3a02561fe544827180326fe433c402ed3dc5633c","0.0015966394462085","No"
"0x136d54e730ad568cf49f8d7b8d36e1b079f37e1e","0.000150432165526474","No"
"0xd28731f314357b40b1ae1e12e5cdef6bd33fe63f","0.037586796440917","No"
"0x053f406ad40c9eb8eb43aff28da0d0ec17df8e44","0.4","No"
"0xda86517ae821a429493ba4caffa0b95e5215ba0f","0.000657272416449952","No"
"0x9e30bdbdc4df47cb542222beae91270c06d4bcef","0.00196737051851894","No"
"0xee564f553826153632f263f18130b1b91b0016e5","1E-18","No"
"0xbcc2689ce8a8abb5724cf1852b7ecd5c76cf806c","0.000310285256380335","No"
"0xfa14807c658a4b937ad9013709019675002d9105","1.2579882228351E-05","No"
"0x58fc8a5d2bc89dc1a353537271a217a6f64c92a4","8.307095442461E-06","No"
"0x2d815240a61731c75fa01b2793e1d3ed09f289d0","1.4329911411588E-05","No"
"0x08eec580ad41e9994599bad7d2a74a9874a2852c","0.629517085235921","No"
"0x0897c4ac0806a625c73440a717356fc915bd4aa7","0.201274326856231","No"
"0x8b1b8131ad166eaf13634ded931a5b5d8e85be59","0.00375097284843805","No"
"0xeb5e3507feaf8fbf25b18ef747a0a4ed4b74e890","2.59330857908119","No"
"0x7b3f6fa4ccc69cea8c12d88afc39ed165825df5b","2.93642352854378","No"
"0x78a0a3525f768c19b133d73b3fc52e2b9d4acc5d","7.40740740740741","No"
"0xff5e695a877a40ae40ff963e7f2db031841aae9d","0.000134710439245686","No"
"0xc70c7f140d095381bfe45c9de8f16f7548547832","0.0028408142445086","No"
"0x3f78441292b95f346475e9aef2649eba5dcbf477","1.00000137463695","No"
"0x31e63cf1ef508689d2d3dcce7eedf02f36b109a8","0.000132472852770566","No"
"0xa6c090c5572f54d529b0839b8fd2d50a4afb1e6b","0.115406201116746","No"
"0x0134b93275192a4bb40ec7e6a616e36c4493cd66","0.781771201162424","No"
"0x224ed86c7256c59c391d88f2fd4732e9e7251681","6.14961985133191","No"
"0x9492510bbcb93b6992d8b7bb67888558e12dcac4","0.118781772055195","No"
"0x192420795e6a2c80c4a90f8a380d792145985f27","0.0593908860275976","No"
"0xca2ecbaf59244dcd475c2c9b067d7ce1b6ebf369","0.0237563544110391","No"
"0xd2d2e1ef56688a78c4325fd30a2e697e6f3acf19","1.4405632847228E-05","No"
"0xaed1ad3bac98779bff4524071cc3de8cf6817f01","0.00043194020958408","No"
"0xc3d0dd58fabc127f0b2a378c1bf3df8b4494806b","1.529869826883E-06","No"
"0xecefc90f540329d8d89bced4b7f61666554c04a7","6.083723477274E-06","No"
"0xad9639f05189c7a0a8c6197f2b6cc1e7f717de5c","1.4135395249128E-05","No"
"0xe9d5c9b4a50b14e158730e50e210bb63fa7a775a","3.7589495153E-08","No"
"0x2145ac607a1b97d28be117d06474b003dec986b4","2E-18","No"
"0xe9905b18f51b6b31301904b2484f54adca635347","1.4947792822714E-05","No"
"0x53c06e45e3770ea1afe793c02df29aa6f172a06b","1E-18","No"
"0xac15e00c1f436262788052dee543fb9149820f05","3.1822226865829E-05","No"
"0xeb4f42458a34942c3111adf140554d1eae979e5f","9.00411146002011","No"
"0xf20c6d1f17b65dce7f392a1029dde9910ed0bd11","0.979958970748396","No"
"0xb4b04564f56f4795ea4e14d566af78da54a99980","0.101730789410963","No"
"0x2234e8797c9161d50d1e42a381648ce5e12e3da5","0.000284622646097734","No"
"0x9ffe669c32ced95a688f381ce85f82b71ad7bb73","2.32858441830499","No"
"0xe9945b3acbdc2f9dcad8871f01aa9dabbb20d882","0.2032520325","No"
"0x91aef3c3b9bab2c306548269ff9b6771f2b107d8","68.9815891872527","No"
"0xb889d181f4fca441b7153b823586a77b623104e5","1.5057119036639E-05","No"
"0x038db6c62d0f072616e2b8db7d3d7cfc829f7f65","3.457094912002E-06","No"
"0x77c6bf45c3684e1c1c79a3fafdf22ec25fc1489c","2.361386613224E-06","No"
"0xed110ed7975e5fdff113e0fff1a74ae759e26ea4","0.00649159742524997","No"
"0x558d777b24366f011e35a9f59114d1b45110d67b","12.0945270901781","No"
"0x8de3c3891268502f77db7e876d727257dec0f852","0.0117246198082971","No"
"0xa38a23a3a7e6ca9d8ac08d738e96a80232055e21","0.00018587933415913","No"
"0xdae0646352836016c23a9434c37960f369503200","0.0954527840118448","No"
"0x2f9b1a144db2ca36771e56b2e66043d3b2da4913","1.03141609635191","No"
"0xe07e487d5a5e1098bbb4d259dac5ef83ae273f4e","1E-18","No"
"0xe91d153e0b41518a2ce8dd3d7944fa863463a97d","1.2109211544949E-05","No"
"0x6c1bee80a5a958756b48fa833c9154b9c58ad4fe","4E-18","No"
"0x3346987e123ffb154229f1950981d46e9f5c90de","0.0386914167564836","No"
"0xd00fcd747059d19d759c16a70e068cac4f065906","3.87528987541E-07","No"
"0xe2898f9402a89a0841f74b478de782c333e69715","1E-18","No"
"0xe2b52fc1ad49b93f85c45315ecbad740f17b0e8e","1.00158194687308","No"
"0x7404becad09351583443720f8f520f689e93359e","63.6122931605085","No"
"0xea886349d44aa81de644f0f02105707f563103e6","0.00093333093870549","No"
"0x2af10fd94fb77f9471c02315057af945c3b2080e","0.000291421155106505","No"
"0xfd8fd89cbe11894bb48310c71b137cadc9016e0c","0.00025846611918488","No"
"0x614eca453555a473258157542e45cc37ab6b428a","0.000118490784216155","No"
"0x25744247a760dd8c73eaa81307e1ff827e8bcfa3","8.1183053412014E-05","No"
"0x780d5f0034020795e42eb0f37da31a536248a2a3","8.999999999998E-05","No"
"0xbbac898df94069793f075405f2958733ca45a1d9","0.00012464157313607","No"
"0x4a183b7ed67b9e14b3f45abfb2cf44ed22c29e54","1.3937131840715E-05","No"
"0xc44caeb7f0724a156806664d2361fd6f32a2d2c8","0.712429617","No"
"0xa4119c8b6b86111e7e4acf7183592e50eba3fa6a","3.9558223303E-07","No"
"0xc6fbbb02bab59b411b43154263f2903b812f6116","6.58230807144E-07","No"
"0xd5affe1e26be20e7df514d13fcb5c625457ed36a","7.898740653E-07","No"
"0xec0ec9942f8b9009d6b43ca559d16798f68cc246","7.8987089811E-07","No"
"0xde20562aafbc09b74d49b78a5b3e9c661083dc3d","2.106331984582E-06","No"
"0x0a46550481517e0e17067da44f17b63a509d282f","2.764560944251E-06","No"
"0x44e15a86fefc83359a11ed118b147c2f6370848f","2.237972075663E-06","No"
"0x13b970dae2687e70e0131b3f02c221d6c3a48ce4","1.711383207094E-06","No"
"0x6c265732fffbdc0fc56eb4e7573703bdf6424262","1.711379952027E-06","No"
"0x31b11367fcc28b64beeed5fa2cde757b6f8d663d","1.711376960901E-06","No"
"0xd50ebe32fd77d338c3b43475c4259d9e1a8993bc","1.711373705872E-06","No"
"0x02a36657f7b5da40f43061d32cb5023c240d1df8","1.711370538837E-06","No"
"0x7437287c48b53cd8bdb62787db17a28d82e00b5f","1.711367371818E-06","No"
"0xafe2ba8e192d6206e727a6744078ac90ab41fe3e","1.71136420482E-06","No"
"0x08ebaf6453ac450898fbc62255019779272ce273","1.711361037841E-06","No"
"0x6ce379de00c3dcd447addf420de910cf7488d1c4","1.711357870882E-06","No"
"0x8dab0d2fecff8d9df9a05ef31d392331354a20d5","2.632879681489E-06","No"
"0x40f9d40cc4a8da7a679710a3cad7a0294c8e8fb4","1.711351537018E-06","No"
"0xc8f8cfb47d9b0bb5e33a226a125a618ec49186b9","1.711348370116E-06","No"
"0x33641f6ebedc8696e33889d276449fb7154c7b35","1.711345203233E-06","No"
"0xae328d85b3ad7747c4e24d7bb602eab196f024a5","1.711342036369E-06","No"
"0x9549903f5e9da7f51021d68306f5658ef7a01953","1.711338869522E-06","No"
"0x7d62966864936f5b9cb3d1ec0c2146eba0153c3d","1.448042851966E-06","No"
"0x45f6411c9b1348b45fa5c41eb9c1f8c36be3d58d","1.711332535887E-06","No"
"0xd225e7efee1c2bb2ab8a8dd1e0c3b3f8f65ba3f1","1.711329369098E-06","No"
"0xbb21f1620987f2e64cafd910b4d8bca5f68e3f9b","1.71132620233E-06","No"
"0xa975abdc46b62d1c9d6b516e3f515a0eb1b4d69d","1.711323035578E-06","No"
"0xafb3aba0c14b5c64b166542ad27da33fdfd307bc","3.02760334586E-06","No"
"0xefc2b9f1be6f3024d63aa329f39de36915e6ae4e","2.501066645338E-06","No"
"0xddf80287ad830505bc3c6864285afa91c8206498","2.501060048302E-06","No"
"0xd8431e13e49c1b267b9c4e7f47f85a6122435fc5","2.501054506875E-06","No"
"0x9b4257aa24354bb40d12e1985182d3e10cd56774","2.501047734002E-06","No"
"0x19f2ee6e1914e819240af7799739211b07ea08e2","2.501041400983E-06","No"
"0x724fd5d35a41056eb55adb37df840c0b6b566f75","2.501035067999E-06","No"
"0xadfdd99b9fa592c4a9b9029408e479fb95c8945a","2.501028383238E-06","No"
"0xb1d8af94e1d70370b318826e992bcae2c6040ef3","2.501022666003E-06","No"
"0x35af6329afc74251d0e3ebe5f00ff5d974336842","2.501016157238E-06","No"
"0xf9d22a437705f6513289cb28a01f711bd41682d1","2.501009736446E-06","No"
"0x98ad32cf8e504372dda9c54262094ea6bde4d646","2.369377298964E-06","No"
"0x807de3c3af9d877500ed69308e31fa7e200c7080","1.711242289881E-06","No"
"0xefce33202d4ef329b50c8d413dd6ed44f8fb1aa8","1.711239123635E-06","No"
"0x8201442b479daff0c68af5dcff6cfa2d8f5baeee","1.711235957409E-06","No"
"0x94474ee1437603356581465e3adfb00ffdf42713","1.711232791201E-06","No"
"0xf9b2caaf008dd75fbe2019aea249f80c515b42e4","1.711229449115E-06","No"
"0xaa60c7b0a4812e370b0c45a59c7a71170cffdd42","1.711226634743E-06","No"
"0x129f5501acc977a2cfb6bce04dc325971f953351","1.711223292694E-06","No"
"0xbe97513960772b6ca894f46b59b0896dcbf04ede","1.711220126563E-06","No"
"0xf4cb25a1ff50e319c267b3e51cbec2699fb2a43b","1.794191554708E-06","No"
"0x76d90ccc2f52a9985eae4c6ec78d7652fe5fb73d","1.711403529732E-06","No"
"0xf7bcebf20a4fcaa5ec8c8985ebcd8e98ba9c7f56","1.711403529732E-06","No"
"0xcb53596c4298f31b5a7720b45408816156663779","1.711403529732E-06","No"
"0x83c81c6cc85d53461a5b1a4d55abdadb62a0dfd7","1.711403529732E-06","No"
"0x81a7cc7b5c4ad7e027a2b6a2e2fc2fad314e9f7d","1.711403529732E-06","No"
"0x8df5d78a77d6264931b67d251531c3697c937863","1.711403529732E-06","No"
"0xca8ce2af88bf40e593e409efc1b60f2c5b1eaeb7","1.711403529732E-06","No"
"0x4196b0cce72851603c31f8953bc38d9df1703fe4","1.711403529732E-06","No"
"0x414a2f60fff5ad5f98669a06340eaf9332df4e8d","1.711403529732E-06","No"
"0xc98092ff90a4f2b31ae2c8ea5e697e76eb116179","1.711403529732E-06","No"
"0xeb468413060b4638eb3116544e68677730743aff","1.711403529732E-06","No"
"0x423ab0946bcbacf5d0ceee5a5dc7ae6527e3132c","1.711403529732E-06","No"
"0xb6a656f6f0b8668e16ab0192619527885d665b7a","1.711403529732E-06","No"
"0x0f1d027ea7a11fce1f2e09821a09a493eb516784","1.711403529732E-06","No"
"0x264cf2b1decd2d687c66e0e6c1160648b8e75040","1.711403529732E-06","No"
"0x0751430875baa4f667350230d594a2e9ff1c0f77","1.711403529732E-06","No"
"0x9e0f640e63cc332f3658481a2bb630ad984f2c6b","1.711403529732E-06","No"
"0xd5ae29da9e06b5fef7d7d1fd87d2d5c28bddcec7","1.711403529732E-06","No"
"0xbecd6715133e121b70c55a6f19a4eece1bed38e7","1.711403529732E-06","No"
"0x56cfb6698c088a6d2affc9dd966c4c3cecbe2056","1.711403529732E-06","No"
"0x95f747f80ee94329e4706906df3727eaf24b64b4","1.711403529732E-06","No"
"0x7fb0f598aeed9531a1e693e42749490b4ecf4409","1.711403529732E-06","No"
"0xb204e955f52c045e93edd8e980199d2dd019a2c9","1.711403529732E-06","No"
"0x6148234921f91b6e48f28964185ffd993f43cb91","1.711403529732E-06","No"
"0xbe230cfdd7804f513ed47f506d03ff5e28a6ac74","1.711403529732E-06","No"
"0x641236e6a7189259b15593ace81cedc2fb838364","1.711403529732E-06","No"
"0x2faac4ba400c066111906989949e100dc1a38edd","1.711403529732E-06","No"
"0x6b3536ba77746aaf771b076e642defba7be03665","1.711403529732E-06","No"
"0x78933c777bf2db077a9e54144115316717f1f64d","2.501282081916E-06","No"
"0x99c94942abe1b73998db85802dd7e05d56c7e664","1.711403529732E-06","No"
"0x8729235d3c098acfa40c75c605e1dc2d4c97d37e","1.711403529732E-06","No"
"0x66ec7cdb08530b13154c24ea81ad3d78778eb159","1.711403529732E-06","No"
"0xed2796f61116307340846798afb65fb5e5c81637","1.711403529732E-06","No"
"0x584de1d971a6d6faee5afc86f94c965afb4bc943","1.711403529732E-06","No"
"0xf871d3c5e879da56370a2b3959dba66d6ca6b0d8","1.711403529732E-06","No"
"0xeb303126e2c2668954b76db49bdd26f4acec03d8","1.711403529732E-06","No"
"0xf06fbb0e68b68c40df08e527b26b6145618fff58","1.711403529732E-06","No"
"0x6f30cc89b59dadac2cf35f9f39222f4e486ba3c8","1.711403529732E-06","No"
"0xf350c44efd84dd1ba38912aff22893b2020782b9","1.711403529732E-06","No"
"0x1d837361f9bc494dbeb15276d4c92b3fc136f9a6","1.711403529732E-06","No"
"0x845bd2b64cff156eaed953eea64a35a9f4636aaf","1.711403529732E-06","No"
"0x1ca245ad9a01775ea5a9510605be44b38074cd58","1.711403529732E-06","No"
"0x3c7eaf4ae2098572f7b68e33a0d25efbf01fe32e","1.711403529732E-06","No"
"0x902ada2e0b5fda468a20df872db7ad8dadcdc643","1.711403529732E-06","No"
"0x474f3f759f348f101360f8d1e30aa87790803180","1.711403529732E-06","No"
"0x48ce4d67be389edb01ff7960a439f428a8c91287","1.711403529732E-06","No"
"0x59d8b9c5cc3d2a3af672ce355814b72047d3a99c","1.711403529732E-06","No"
"0x3f21650ebcdc76737727a9ee764405acd216063b","1.711403529732E-06","No"
"0xcff1f63a5756917a08bfa393cd3ac05338380c16","1.711403529732E-06","No"
"0xf0e3c710b221eb45f00e96d550cac988fc7c35fc","1.711403529732E-06","No"
"0xf8ddef1d0a0c68ef1993f9a04cd7c40b773fc98c","1.711403529732E-06","No"
"0x5e3fab4c75c4bde80afc103a619087a2d9749fd1","1.711403529732E-06","No"
"0xbfed7b03340f400de08c12324ff259a48d680afd","1.711403529732E-06","No"
"0xa8ea8f95b933edfeeda2b399228c97a60d275f11","1.711403529732E-06","No"
"0x12a4e15878706efb02b41960f950efc0b594c589","1.711403529732E-06","No"
"0xc05be74698125a8d16500c972b4e77e9061e60c1","1.711403529732E-06","No"
"0x1268bf0d27075fdfe0e21dc8ad8347e051d07603","1.711403529732E-06","No"
"0xa603c418e252971a094855ad0d05dfd595b581b7","1.711403529732E-06","No"
"0x738644fcf9a0eef6080675928b75470d64ae71b2","1.711403529732E-06","No"
"0xc0df6743090ac61e2c2f277d44d5c2045e936ca3","1.711403529732E-06","No"
"0xb912184ae48f3d80f17fe485fb47845a0eb744f9","1.31646425364E-06","No"
"0xf2e8ed4ebaf6dd722d8df81da94e5c01500a3cc4","1.711403529732E-06","No"
"0x0a30ed5325c1c8771dcc04973b7df72d799a4217","1.711403529732E-06","No"
"0xb4719bf8622c1d811492a75f6dbc33c0a72ba340","1.711403529732E-06","No"
"0xaefa4192afa15d155f0cfc72963488ee6a3c5651","1.711403529732E-06","No"
"0x623007162348b07149e3fb199b833c0eda7f8bd0","1.711403529732E-06","No"
"0xaffd14a4eb0ca070cb65ab9cc41e3a11c82acf71","1.711403529732E-06","No"
"0xc2d24472036052d4aeb12fafc2d0377e0ce2b58e","1.711403529732E-06","No"
"0x914b7caef3840994195dfd072a090ca8d48d5eb5","1.711403529732E-06","No"
"0xcd765d1c2422e82c0dc9434b3921a188fd124210","1.711403529732E-06","No"
"0x1f5f6cbc34cdc43f5e1e934b5686d4665b985bc3","1.711403529732E-06","No"
"0x77816f915c1c122f46fa7b519647ed1ae08de848","1.711403529732E-06","No"
"0x77bc6042dd839c2b8e120ae348267b729a7fd89d","1.579757104368E-06","No"
"0x471ec45916144d2c3eb2effec2d63504bc79578e","1.711403529732E-06","No"
"0x98de17d69edd8cb38119f3c5a58810e497f63f95","1.711403529732E-06","No"
"0xaaf5ceef6aada955ab2c71c6a7c8f1c116e06a6e","1.711403529732E-06","No"
"0xfed853e057ff1d40727bbf247af2eed22a0a9a48","1.711403529732E-06","No"
"0x78c46e929c9f4ed6a7d293945049e7e3c79ce19d","1.711403529732E-06","No"
"0x9d669062a4c7c028a557eb3967231c37355cbbd5","1.711403529732E-06","No"
"0xa9d92a6422fac0b121c90888762e84cd6af80707","1.711403529732E-06","No"
"0x580b1e3ab2b2a68da43fb060291a8102fe9c7fd4","1.711403529732E-06","No"
"0x7536545c23e0272dd5e736a1e5f09fe331d905fc","1.711403529732E-06","No"
"0x41de1d76f26ea8e2394c5ef9d9c31688cc92c93c","1.711403529732E-06","No"
"0xd3cb32b7261f4ae84fdb55e961ace3cd01621eef","1.711403529732E-06","No"
"0x65b00d2f731ba7715706a0cad67728e2c7060bad","1.711403529732E-06","No"
"0x608180162a1dc5fe2bdcde647c9cd3058f577afa","2.106342805824E-06","No"
"0x239db0b385143f15d2a5f219facd52839e61676a","1.711403529732E-06","No"
"0x4858dcdcf6db9a53c16d0582e28068afc0b7ec00","1.711403529732E-06","No"
"0xea0a41ab411bb9e0aa25b73eb65bfad5aba65c61","1.711403529732E-06","No"
"0x2184da54775265bfe19282bc19d446eaf56bf2db","1.711403529732E-06","No"
"0xe301e508c95e45bf61735880e644c7c7d9cefe98","1.711403529732E-06","No"
"0x5511b0abeeaf7593c0daf0d2c80e704729484557","1.711403529732E-06","No"
"0xe0404a088fae031b419ae9dcd94c0e64488811af","1.711403529732E-06","No"
"0xe4cdff71268fcbc920038b62a130d7e53f24348d","1.711403529732E-06","No"
"0x4fdddadbae53b3df1beec497428fe3039e5114e4","1.711403529732E-06","No"
"0x08f1baa8fbbecdc1aa19ea9b14b1b335d0464999","1.711403529732E-06","No"
"0xd7dee73a8a0d36d243f5b91f8ea6b4beffdcc334","1.711403529732E-06","No"
"0x564308f99ae2498e25965334b88a01065acde431","1.711403529732E-06","No"
"0x04eca1274d69141711e1ff2cf255ed5f8aeb82fd","1.711403529732E-06","No"
"0x30d9993d8fb84fc2d12630bb66f1341b5f3765ea","1.711403529732E-06","No"
"0xe41edbaa6919c3359bec80ee83c3885aa2622a2a","1.711403529732E-06","No"
"0x6f156f08326e40ef90fd4a03f890cfdd1277f4a1","1.711403529732E-06","No"
"0x3335619a1f8a5e0a85db34d8b8e247afde6452f5","1.711403529732E-06","No"
"0x5ef03fde3a119756eafe59e509bc2a7589617010","1.711403529732E-06","No"
"0x107801cfb7b7bc5d9248bd3c3dfd7515ea4efe85","1.711403529732E-06","No"
"0xda905bc6c69a688b354ab5ec796d1e9ac3ffc8d2","1.711403529732E-06","No"
"0x15216dfe2388356f70b90555f281acf0bc86fc5a","1.711403529732E-06","No"
"0x51ffde0353f4871c855b3e2af6c12f96ac6bb8c8","1.711403529732E-06","No"
"0x37b68e28ffa9ed8e9633dd1bcb52af1695fe16bc","1.711403529732E-06","No"
"0xae67c44d963378c1b6b9147e299a9d667497082e","1.711403529732E-06","No"
"0x2884ddfedd9ad909acf932fc629e66a802427c01","1.711403529732E-06","No"
"0xe7ecd26056651a2500f9c49d06c8e4cc2f197c7d","1.711403529732E-06","No"
"0xfe319e2bee99eca945fa7f5840c479b3f0fa453a","1.711403529732E-06","No"
"0xc8e1dd29dc3aca99f1403f3de7b5185888b88b07","1.711403529732E-06","No"
"0x727b8f2b8db40fd000c1578943e06b5505b26386","2.369635656552E-06","No"
"0x3e31423bc551560ea654723d947f5aed3ed39baa","1.579757104368E-06","No"
"0xa068da2fafdc464988972a468e4470222d145f98","1.711403529732E-06","No"
"0x5e337c1f287e1a2ce1ca8fa5d77827159f5b5bb0","2.106342805824E-06","No"
"0x2b8798e12b944b3a06b6b856e272ec9c49f10310","1.579757104368E-06","No"
"0x9e9e41da3bd302b7d067aeac175b98c75f6b3aa7","1.711403529732E-06","No"
"0x3e79b0cc7694bc35cff6bb88043822db9d6991cf","1.711403529732E-06","No"
"0x43fc561c69dd36d18e6cf59d6b0e384728389bef","1.711403529732E-06","No"
"0x743cd034d66f3fcb0b17abcbbc4d04b88cc71b22","1.711403529732E-06","No"
"0xefe3d92443cf0585e53073a66003432c7e075267","2.369635656552E-06","No"
"0x52c28c0cdb530bcf520f0e7c28c9675d82cfc287","1.711403529732E-06","No"
"0x9cfb083606a240f7d6fe7d53057ebbab5cb41bb7","1.711403529732E-06","No"
"0x403ea51c27628a8f25f7c76aa2dbcd0adbfd1822","1.711403529732E-06","No"
"0xd7b8773c4bb0bac6e1c651273d1a2504f05f216f","1.711403529732E-06","No"
"0x21f5513f73d96661840d513426714323edcc08e3","1.711403529732E-06","No"
"0xf800afe1d0f00af9ed0abd276279279c79370a01","1.711403529732E-06","No"
"0x3d257e2ce006b72388109330fe9aebbe5d0e7647","1.711403529732E-06","No"
"0x1b0eb16e3e67447b28e682e33b18ef55169a00c8","1.711403529732E-06","No"
"0x2d45dd2771f2a9a897374daa172ab09ce28163c9","1.711403529732E-06","No"
"0x49e22690fc6ef7c18f4fb248b36367b0d74a5f82","1.711403529732E-06","No"
"0x5719e0fef1bf56f2f5b1ead9e32ac91ecb37dba6","1.711403529732E-06","No"
"0x8f144f69dbe27e6355ac3f42a312bdf679f193ef","1.711403529732E-06","No"
"0x78361dad862b4e46f35272a3e2b17d4f1d86bc75","2.369635656552E-06","No"
"0xff52f27d4eb4d6232c736fb9e7e255a5091aa0d2","1.711403529732E-06","No"
"0x0c32780b9a4eb1f5b6e37a05742bb1e8da82fdd6","1.711403529732E-06","No"
"0x3833ac5c25205e128bcfb9de111eb9d2217191e4","1.711403529732E-06","No"
"0x4521e45ac20c9cb7e27aa46d37a8ed02afab22eb","1.711403529732E-06","No"
"0x88e6696a28ad403a5de89ddca0adc18cad174f10","1.711403529732E-06","No"
"0xe3baefd53037136500d89826acedab519446a286","1.711403529732E-06","No"
"0x12da941bdea21cfad0262eb42a71c368293783df","1.711403529732E-06","No"
"0x6b147029b7675c3f0a14dd59d15db7e877bea08b","1.711403529732E-06","No"
"0x2728840b98cdbf47e543adc3827427164bb95600","1.711403529732E-06","No"
"0xa684f33dd96cbea20b40c9007ea8b33c5c70540e","2.63292850728E-06","No"
"0x72c4f686c660c8743abf17371977ace5554a87be","1.711403529732E-06","No"
"0x5bab19272d4e8c5cd53f5d0deb73a6b9ac9c1b82","1.711403529732E-06","No"
"0x1344d4a2290eb2d7ba845270a73247cd5da5e7bd","1.711403529732E-06","No"
"0x121c93667a5a5a53a00c8c10087d4d0118cb51c5","1.711403529732E-06","No"
"0x3fb829e77b5222428a6bf564f502d727f976e469","1.711403529732E-06","No"
"0xa38d97d1cafd9edde777621ccf51fab5cf80d1e2","1.711403529732E-06","No"
"0x685f4d54220b5ae09c70821fe5bb3f859f000947","1.711403529732E-06","No"
"0xbce5b0f723e018d032355e5bb2a5b3678b65a3f6","1.711403529732E-06","No"
"0xc3e27e9f890e12ffaa1a745ffff17f5ab3f2da29","1.711403529732E-06","No"
"0x1920ebf420897592f9fc38582088764505ec0015","1.711403529732E-06","No"
"0x169880f63d66e08d8eb0b284b184a81538bb62fe","1.711403529732E-06","No"
"0x54eeefe7b5310b30e4620313a32b942121530b6a","1.711403529732E-06","No"
"0x8781508440fb4537bdaba55f8a9b2715db79b7e0","1.711403529732E-06","No"
"0x28a93d1db702a70ac06655361bad34ef75f8aec9","1.711403529732E-06","No"
"0xba1521e8f389c2ce8003b905b94a40c7d2ac40ac","1.711403529732E-06","No"
"0x6b76174e592591ac51fdce040c66056c8ba4d78d","1.711403529732E-06","No"
"0x8448a414a8dc0571f9f29e7b1ffe73b2baf59f32","1.711403529732E-06","No"
"0xbb71d904f18d0fabe5844372ceedfe96638b700f","1.711403529732E-06","No"
"0x7915b175fc3c3556108cfaf9f6175e1bd48b411b","1.711403529732E-06","No"
"0x4b46ad62eb3543fb142d6b006242066d8ffeb80e","1.711403529732E-06","No"
"0xd69fe063864d42d05ad2a12419edc9dfc49b3c66","1.711403529732E-06","No"
"0xe8321eb4686760b9ff026f7be3dd6633aa29fc1a","1.711403529732E-06","No"
"0x75b4225593d6e006efe0169a29592f5813c9c9e8","1.711403529732E-06","No"
"0x8c241992014e6c307c7d198b9d85709c6fa23c75","1.711403529732E-06","No"
"0x9b3f1cf3e8a95dcbb9b28a7641841f4ca4e94fea","1.711403529732E-06","No"
"0xde78d00d49c5924ebdc2b23bd43afc4fef8b58a6","1.711403529732E-06","No"
"0x517e4826ee977217f0a9f444427713c3f8995766","1.711403529732E-06","No"
"0x21e5314fe13e792d2acd21f24d5d7e6d38418598","1.711403529732E-06","No"
"0x78683ea9d128d2a07ac3617a323771c2abb38b9f","1.711403529732E-06","No"
"0x65130944dc2669e38aabb6fda27a2a660e5a9a6a","1.711403529732E-06","No"
"0x0dcc60689aca655826e07620a188dedc49d71b41","1.711403529732E-06","No"
"0x500516c44255838e58e09cd5bf53b65454c9a138","1.711403529732E-06","No"
"0x727a905bc5a8145028939b5778e29d553dfba24e","1.711403529732E-06","No"
"0xe0b05b7ddf6884f6be3c035f3110e9f0c4da8fc7","1.711403529732E-06","No"
"0x0f40f4c864c087a3b1889461b4d2906224437f36","1.711403529732E-06","No"
"0x46ddab733e13611fa23b618515f15dcc423b1e9d","1.711403529732E-06","No"
"0x03606b8c8c43310050a3caca53103f53fa9bd6da","1.711403529732E-06","No"
"0x0cf3b6fd62e3d235d8cf8dd09f711b9fd322b102","1.711403529732E-06","No"
"0xf749647eb5dbca9712d5693203ad00f459953750","1.711403529732E-06","No"
"0x96b0b114a052171a5d59fbacd2c709dd9b1e8216","1.711403529732E-06","No"
"0x80bd193417b947ec53df11aa1dfed4b2dc24f47c","1.711403529732E-06","No"
"0x70fdb54cef47bc4e22a750d72693d4f4f14d69c2","1.711403529732E-06","No"
"0xd63add1dc95ba9eabbcb6ee650ba87ce37b83845","1.711403529732E-06","No"
"0xe43fc440584cc3552e38a56f51ac86259710ce62","1.711403529732E-06","No"
"0x4f6f4f50f99c4a65a54d9faa99200b08896f55f1","1.711403529732E-06","No"
"0xfb08108ebd54d51729849f9a31cdaf315fd11fab","1.711403529732E-06","No"
"0xc279978bcc5c85729aa057c98789fe88fae89be5","1.711403529732E-06","No"
"0x490c72d4bf84972c407686a0d4e06c1ef2e04caa","1.711403529732E-06","No"
"0xa7f5adbf3dd3d60e22c1240d4c2980586801e89d","1.711403529732E-06","No"
"0x62daffc8034e0763adaaf24d22870c051f0bae4b","1.711403529732E-06","No"
"0x6923e746070dad048a7b73cf4fc9f326ce5dbee3","1.711403529732E-06","No"
"0xa9f8ab2c85d51a3cda52c63a67723b67bebf248e","1.711403529732E-06","No"
"0x300305f9502f088735eb68768fad7a49fe6d4ee5","1.711403529732E-06","No"
"0xa38714e664bc06d1b0b6cf5ab8f4f3b68d9b1d8d","1.711403529732E-06","No"
"0x947a85986eb323bb3644de34887dc04149c37813","1.711403529732E-06","No"
"0xb153d356c17edab70a96c73868faec9b47031206","1.711403529732E-06","No"
"0x5c99d98964908e3bfe6fcefb4b90f2781754bd70","1.711403529732E-06","No"
"0xd41979532cbc86b1d2af99fc48e008c3bc1d8804","1.711403529732E-06","No"
"0x1a5645ddfe07fb4dfdf3c4497b8ea4ee8b38a72f","1.711403529732E-06","No"
"0x59111c5c5dea96ff92d9058edc5e917e780dfe1c","1.711403529732E-06","No"
"0xd67fa966a43a853dda77cc93ce2e0f4b648c626c","1.711403529732E-06","No"
"0x7ff97b289c895a00e21097bbe89de4b16bee66fe","1.711403529732E-06","No"
"0xb6252955dd4b25734f3c811ebefad138c720cde3","1.711403529732E-06","No"
"0x1de029bf9b8dcd2a2b029994f98f20b8bde1d955","1.711403529732E-06","No"
"0xf2706434c52d937f1b735d2dd13c98216a083d11","1.711403529732E-06","No"
"0x2fe9526a91fd3ea778ca7b27b6c6d37c8abd159d","1.711403529732E-06","No"
"0x0fa0acf903158124e7a3fa01dec2090c5d8244e7","1.31646425364E-06","No"
"0xc70587b421a03edf78789d2c64dec6751805b20a","1.711403529732E-06","No"
"0x8617078968806b83a9e41377fdf2bfc7b7b35b4f","1.711403529732E-06","No"
"0xfbfc70f07c858d1bdafa92fbc872a6be1797f2e9","2.237989231188E-06","No"
"0xbc0ae195c5211c4b9668c2c3cf7815efafb845e4","1.711403529732E-06","No"
"0xc1e31995ab50bea78ce3445c4162cc2531c196a9","1.711403529732E-06","No"
"0xeebdf47d3bd42638dbaae3ee2a9f0f00fe138fd2","1.711403529732E-06","No"
"0x4254d6397450ea7f17a1f486a7a65ed1ae47a053","1.711403529732E-06","No"
"0x9d6fef382033335e7306869db87bc84a2a301535","1.711403529732E-06","No"
"0xfef08603084404955aeb4bda9dfbee2d994bc67b","1.711403529732E-06","No"
"0xfacef36ec344f02adff05e8a710f2f164d66cedf","1.711403529732E-06","No"
"0x012b82c49bb4edb892dd22193ccee13191eb1bf4","1.711403529732E-06","No"
"0xda9bf98804dd351b7ff90e3a17f3bf21ba52b336","1.711403529732E-06","No"
"0x4b8d76f820069f8f27a905e3156bd5d128180975","1.711403529732E-06","No"
"0x26ef4795620e024b4a17d0e700a0d57af8d7ca22","1.711403529732E-06","No"
"0x24a9d7f247057a9b02c0f61bf47eae89508c8c9f","1.711403529732E-06","No"
"0x6307c040b810f1378d0db3dfc9206f2f2d9ffd0d","1.711403529732E-06","No"
"0x7d300ec46b507cef634acc862d1fc9f8e1a2ab53","1.711403529732E-06","No"
"0x3ddb7a0d2a7f00e44837af65143403a5f7babaf7","1.711403529732E-06","No"
"0xb5e3ad11e86c563c9a77604075ef44d8449e1cbf","1.711403529732E-06","No"
"0xc2b9ddef054b9839772f3570edccb7408c6cc4e0","1.711403529732E-06","No"
"0xb39aad3757a5954e41bdc8152c030db7a7aa546f","1.711403529732E-06","No"
"0x8b3de59d4cf30b7e9bec17581f13cb10d410ecb1","1.711403529732E-06","No"
"0x274fed09c78cc136e079ddca73b50908d2ef9c2c","1.711403529732E-06","No"
"0x4778c4dcbd573a90480020338a75fa19f0fd86ca","1.711403529732E-06","No"
"0x0966345fd3f7cf7e25127680bf8b490dfa3251e1","1.711403529732E-06","No"
"0x8710040ea917e721a43e56a60e0a41d466b4765b","1.711403529732E-06","No"
"0x27aa036c8d30a4f162041485671cb6747bdf1e53","1.711403529732E-06","No"
"0x046547590985cd694cfdd879abbb3a28447c71d7","1.711403529732E-06","No"
"0x35e9eb7527200a009c5f6c5b8f2c4a2cc6110986","1.711403529732E-06","No"
"0xfd361fdd55ca1ed344cd36ee1807bf60923219a6","1.711403529732E-06","No"
"0x2a47eaf45523a9d5116509a41b026365042d04f0","1.711403529732E-06","No"
"0xe92220ba5e8e224743076016c5a474aea7d1f104","1.711403529732E-06","No"
"0xac3d088fac6b8b95214b4bbc2c599948ec38d29f","1.711403529732E-06","No"
"0x2100dfc8354fba7e4bc055aa70d49a3fe3bc3224","1.711403529732E-06","No"
"0x717eff9333de447ddd9894c830d506e3dc3d4fde","1.711403529732E-06","No"
"0x074042cbb22d5b59ca23becd970cfba2b6a36def","1.843049955096E-06","No"
"0x3b87ee0dff66089ea32089b645b22dd31930efa6","0.279608842256422","No"
"0xdacccc62239b24084aaad41e3a05cc26d7edd3be","4E-18","No"
"0xbcbc15b34012593c4aec9e5a70ac2764c118b89a","6E-18","No"
"0x458cd345b4c05e8df39d0a07220feb4ec19f5e6f","2.77012327193197","No"
"0x69d962a66e5bfff0875cb7a6345be283bc6437d2","0.00761367464734238","No"
"0x4204fdd868ffe0e62f57e6a626f8c9530f7d5ad1","1E-18","No"
"0x0f85a912448279111694f4ba4f85dc641c54b594","0.173717517913092","No"
"0xafd3681ccb0c52d54ade15b2ac346425c8ed0d95","0.0319467444864335","No"
"0x33236b5b99d52e8366964c43f4211b959855eb0c","6.033392517311E-06","No"
"0x3111327edd38890c3fe564afd96b4c73e8101747","4E-15","No"
"0x3b11ab56fb4b3f73d726ba6a1a697230fc07e8a8","3.650270253513E-06","No"
"0x77bcb57ba7037e39063f1567ce734452bbd7a5f0","16.2989487147259","No"
"0xda3539b1958d0a9e79470792beed78209dee3657","0.00208871019273818","No"
"0x94487ce172084b474e05e1d6b1443133492c4981","7.423625050365E-06","No"
"0x261f436676cfa456a8f086a850160e97550aea9c","0.097943879679697","No"
"0xcb3c4f5f817604f3c8b5c7e1ecab480279c449d0","0.000352834339879263","No"
"0x91c730aa935a18e2a79880ee247e794f0707340e","9.297141290202E-06","No"
"0x86c2eb877290a9cc99363f7244cd570e39d6c05c","0.000132697183428245","No"
"0xa99f898530df1514a566f1a6562d62809e99557d","0.0772822224952072","No"
"0xc0e81f1b795d2e99efea240f23765a243b913d17","41.7686851397701","No"
"0x2169ec73eeb5287ed3180b401b6383beaf5a2011","2.2580916625175E-05","No"
"0xe836a47d43c684a3089290c7d64db65ddcbd20eb","0.0109927434851131","No"
"0xd3074a836277b0edd45c4c8693afacd97ef76646","2E-18","No"
"0x4c9788c8b20aacaae1ef7560a65d5410a35d8515","4.8305893615752E-05","No"
"0x78e87757861185ec5e8c0ef6bf0c69fa7832df6c","2.69073125357337","No"
"0x28c974c18c6553b445c4b77f35d83f3499acf58f","5.632680146E-09","No"
"0x3e538089265672518d9509e91949500ecd2786ef","3.0054759560951E-05","No"
"0xacfe4511ce883c14c4ea40563f176c3c09b4c47c","1E-18","No"
"0xd25b4570c8bb3ca28a69927bb84cc45fd06a90f3","0.342369313801993","No"
"0x719154cee29258f668336b12cfe15dd73f79f0bf","3.6E-07","No"
"0x1b6108c2839b8786915f482adf4ce8fc4440a2de","1.2523397546084E-05","No"
"0x5bc0aa095632c76da0be9838d960da9a66fca30e","1.477053670082E-06","No"
"0xda5b2cd0d0bb26e79fb3210233ddabdb7de131c9","0.0912394206379801","No"
"0xbc7acbb649810f69a97ca04ca81d0e376629653c","0.00104105042254402","No"
"0xc61336b9f40ea1e03f0200cd0f636256ac806aed","3.266503514312E-06","No"
"0x4222f24d71b2a8a5cdd5aa13647be8aa225818bb","5E-18","No"
"0xad6d2ec2cb6b44cf877fd95e93dd6b8594e781d4","21.5902316498782","No"
"0xd578172dae2ea99186320edf13f2e6922a8b8f85","8.22712577722E-07","No"
"0x81790067ba6cbacc7f230e7978f7771066769780","5.2335364537702E-05","No"
"0x3cc729e9cd6521e3e97cffc17a60005f1e78e5ac","1.66678255826392","No"
"0x85eb8d27c0c384540e01fae59b3dc42a05371bef","1.12174038252E-06","No"
"0x6e31344032acefd3f2fb00822a1a51cd7d1a86b3","2.26912112615E-05","No"
"0x61684377222325b5ee02916f35b5db0497798dee","2.266248299852E-06","No"
"0xffe45f05165cde61ef96c72066641b1a87656af4","2.254454947995E-06","No"
"0x17ff1f305083275e3b5aa99b900a7f4c97d67c37","2.2516101245755E-05","No"
"0xca85d6f8edc4cec0e92d3d4be74af569b5786ef6","0.071","No"
"0x5706ec7b6a34e7fd8d39d9abf92fadc6b8f6f938","0.234243163740006","No"
"0x29e1a61fccd40408f489336993e798d14d57d77f","0.009","No"
"0xf6e141fcf80404eb060a16f314077453ed3c2615","9.81905952876447","No"
"0x4d31d0297174ec3fd689d9544efc15e851e443eb","4.65107331528E-07","No"
"0x1111111254eeb25477b68fb85ed929f73a960582","1E-18","No"
"0x5c1b560c7a30483cf434b3e4cc1338af52df4c8b","4.00000171983686","No"
"0xc2cad5136f1dec7836e5391b14f2ad2ccf282009","2.3073207087813E-05","No"
"0xd38b978fdc7a2439a60930023145a957e56d4184","7.2837909465E-08","No"
"0x0b58857708a6f84e7ee04beaef069a7e6d1d4a0b","4.33563602206E-07","No"
"0xf07e2af05816e9d2d8af5b1221af810899737b79","0.2","No"
"0xa3d59249b5bae16905613ad2be5639ffa35bbb57","21","No"
"0xd78fd5352277e74d5e023da0db7dd5fef65b48a1","4.848","No"
"0x67e513ee67a56c44ddbbb4152258f21bdb3482fe","0.06","No"
"0xf25d1cea9772e2584e0a1d4c11abea2aeb9b077b","12.8264824641731","No"
"0x3c28a9fd5307767bc510843a086484a29d96e215","1E-18","No"
"0x74725834fafd09e55e8f5b2e6685f376b7d5ccf1","0.00154602979388681","No"
"0x8a9113778f7169bd4962f8af43e19f60aa46817d","2.51796316023302","No"
"0x9ea2f1a2d12c0efc76f0be3eaeb5092a86c56952","2.5982197158944E-05","No"
"0x1111111254fb6c44bac0bed2854e76f90643097d","1E-18","No"
"0x5bb4adbac84187ee9dd9d08da72eb1e79477bbcb","5.59366192068E-07","No"
"0x151eaaa48bbd08b7cc37b52216cf54f54c41b24b","0.688321308586913","No"
"0xbcfd9def382ffa98a35cde7b2ae7636a053eba1d","2.80604609","No"
"0xc6a61115d21d536aea6523539c9a9631f601870e","2.29053","No"
"0x3921d59090810c1d52807cd8ca1ea2289e1f89e6","4E-18","No"
"0x84cbbaef0fd25b2da3abdc84b764e2b48bf267d2","0.109531117212461","No"
"0xe8a111ebad31ee75f51f38f734124b7ebe38e034","0.000147410770751998","No"
"0xd469ce76ca266dc2b84b2782a1879e6e0743492d","1.549802806827E-06","No"
"0x9fd8e3163f7a65f4cb3466b936be9af2beff61b5","3.354188521868E-06","No"
"0xf6e0ec9f66ea43f6da1847763f4433a8444d38f2","0.327131005984145","No"
