HolderAddress,mainnet,arbitrum,gnosis chain,total,exclude
0xec0a6336f9c490856631c1300029ba2b40b77a6b,3840.272152,0,0,3840.272152,
0x88ad09518695c6c3712ac10a214be5109a655671,2897.794078,0,0,2897.794078,
0xa3a7b6f88361f48403514059f1f16c8e78d60eec,2846.972215,0,0,2846.972215,
0xb270fc573f9f9868ab11b52ae7119120f6a4471d,2611.129936,0,0,2611.129936,
0xfbb876f03cdb645c2db73c1bd050c7ff45c84869,2007.643036,0,0,2007.643036,
0x84740f97aea62c5dc36756dfd9f749412534220e,1.352409908,1839.736474,12.16715529,1853.256039,
0x565eba8b4146b6d71ccb2aa9bef2bd14df8063e4,1006.421525,0,0,1006.421525,
0xf50258feacce0b34718e8608baa1d220c3a8f221,0,0,999.4352756,999.4352756,
0x571f39d351513146248acafa9d0509319a327c4d,839.7527133,0,0,839.7527133,
0xd8fb5ff1ecc3328b189d91a2c9285cbf2592cdcc,719.7551222,0,0,719.7551222,
0xfbe5ca06a32934ae7aa82efd98b4509819c2d1ea,675.0067472,0,0,675.0067472,
0xd28877162906c4fb4684e9a9f622c8f7d270382c,664.6921434,0,0,664.6921434,
0x3cc8b45bdda056f222b790fc089db0cfdefc61a6,656.1120371,0,0,656.1120371,
0x64e482233ca8bbfcd7fbcc670808fa0eb09c5cc3,465.5467652,0,0,465.5467652,
0xfe13988736d95d052c2e45e5b4e1ef2e2750b7f4,376.6755554,0,0,376.6755554,
0x07a0d75ed09492b2ca382f3d5cfe6022d9a03752,328.6392597,0,0,328.6392597,
0x78e96be52e38b3fc3445a2ed34a6e586ffab9631,270.9848386,0,0,270.9848386,
0x9e2b38c9ef8ff91f2c73ab0475bce66b14a4b31f,239.7301418,0,0,239.7301418,
0xf791da446d04282f921f38fbf954ad5caee899a3,222.5264327,0,0,222.5264327,
0x3e00449a0e7a0cf21934af174023aa0007a13e32,203.3834894,0,0,203.3834894,
0x65d25e3f2696b73b850daa07dd1e267dcfa67f2d,202.3639055,0,0,202.3639055,
0x91628ddc3a6ff9b48a2f34fc315d243eb07a9501,126.4015927,6.902649093,67.88735549,201.1915973,
0x9b4c75ce8d7006620df39e8757ade75d6434a6fe,193.4253408,0,0,193.4253408,
0x7072581117c45e8024c2055a8c29f773f0811b63,169.311876,0,0,169.311876,
0x6f400810b62df8e13fded51be75ff5393eaa841f,154.566307,0,0,154.566307,
0x15fbaed545ea1de34ffef8254d8e5cc6f8be1329,152.316536,0,0,152.316536,
0xd35cae1244ee4373e28113b506599e90f8b6faf6,150.3050778,0,0,150.3050778,
0xea32a33300d64bddb9f09a8308d44c23616ec706,138.5505086,0,0,138.5505086,
0x6c6541cc3ec6bfc2d7b0ca48ccb0225cbbea9b59,133.0942635,0,0,133.0942635,
0xf3e36ad56aa85abdacc18c02d19509ae4f7d5899,132.6548164,0,0,132.6548164,
0xbaf402c8ae9dd2daf2ed1cb37d4f23ec93c5f674,123.8814921,0,0,123.8814921,
0x71f795c78e026c655c1f8e14f47e8fcacd69f382,0,122.1551439,0,122.1551439,
0x644239848c7b402d813295893db428aae7cc4cb5,7.523946099,46.05885851,67.76529443,121.348099,
0x2cf8930e1021a27aa587c79dd718be897deee132,0,111.7045312,0,111.7045312,
0x7480fd99cd3b41276574c9cf02ea4579734677f9,0,111.3542287,0,111.3542287,
0x14e92be2c8ed0114504569e3ecd5f2204dc379af,87.48412957,23.5725286,0,111.0566582,
0x9dd4d1552fe89fe174c7f32868dc9c248d620b02,10.16078,100,0,110.16078,
0x3cc729e9cd6521e3e97cffc17a60005f1e78e5ac,88.80083276,10.62400411,1.666782558,101.0916194,
0xfeae9fe11170fc19b6f40796fd1debfa360daacc,85.61796834,0,0,85.61796834,
0x8c271f2ca265a60a4105eb06a57a9bace59c0f20,84.45771385,0,0,84.45771385,
0x549c0421c69be943a2a60e76b19b4a801682cbd3,83.98455483,0,0,83.98455483,
0xa1ecb46c0be223dff23efda8bd553d17b938af47,80.00625663,0,0,80.00625663,
0x5694d4bb1e242a125eae18f57abcdae0211cb086,0,0,77.95760617,77.95760617,
0x7b8352d07b14ab0260e8f63ae3f883648a559157,73.42377025,0,0,73.42377025,
0x8c790246c958715bc03885bc945dcc2f5a288ec9,73.15627173,0,0,73.15627173,
0x40380cf220373dbd5eeb2b952504044fa2ce5fe6,70.77670877,0,0,70.77670877,
0x91aef3c3b9bab2c306548269ff9b6771f2b107d8,0,0,68.98158919,68.98158919,
0x673547d10441dd726504dfe94655357ae0488fb6,61.68410269,0,0,61.68410269,
0x7dc0a282fcc494ef0ea59cba06f8709c04c1aee5,58.37507997,0,0,58.37507997,
0x293b2efbbf97a1ceea2b479a4d026cbc1e918769,57.36,0,0,57.36,
0xf83e546bd2959c22f1715ecaffc03d39b8d0fa96,57.30776574,0,0,57.30776574,
0xbec5ed6ac2cbcb157f9e9d06f43b6c8f2b990074,57.26694908,0,0,57.26694908,
0x608459e98ae29e63b2509f341c000c8308ffffca,55.884,0,0,55.884,
0x0c0fada36a993b4546e7fc859bba5fba9ec01ef8,55.857,0,0,55.857,
0x08eec580ad41e9994599bad7d2a74a9874a2852c,54.23934991,0,0.629517085,54.868867,
0x856991ea91da35f2cff4187c74ab804b6e8c4374,53.25470972,0,0,53.25470972,
0xce405c9b6b8e1db8a0563b377fe34ec5b88e443b,0,50.86338783,0,50.86338783,
0x9ecd726a27751f117b8c3024e0afa66e08de67df,50.408,0,0,50.408,
0xe8d5dc2c15532e738abf4e880546b105269c6933,50.34234578,0,0,50.34234578,
0x674bdf20a0f284d710bc40872100128e2d66bd3f,50.339,0,0,50.339,
0xccd29f7daca6d92934129a15e01d0cde323c2afc,50,0,0,50,
0x8369e7900ff2359bb36ef1c40a60e5f76373a6ed,2.382E-15,50,0,50,
0xfd837163c375423e93dd51dadb8f6e34283a7f86,50,0,0,50,
0x90f86774e792e91cf81b2ff9f341efca649343a6,49.21505845,0,0,49.21505845,
0x3a4dd62195f4dcc3d3c2517f2bc699594fe2cbb9,49.1015956,0,0,49.1015956,
0x849b45fcadd1a36bb37d8e2d4b7ccc6ffc38a034,45.01590543,0,0,45.01590543,
0x8830761a6069f2b8529055d7a4b5093c5c48ba9a,33.51762468,11.42560959,0,44.94323428,
0xc1fbdbd2b09033ad0c95f7a46db931e7a6320428,41.92570425,0,0,41.92570425,
0xc0e81f1b795d2e99efea240f23765a243b913d17,0,0,41.76868514,41.76868514,
0x43e1092d93edb65d7356352214111d791c7d8a91,0,41.54841016,0,41.54841016,
0x8318a4bad706f6913cf4191787055d74825c1a19,3.9181E-14,39.62591166,0,39.62591166,
0xf42c8153e7d41d0b0ce9cbb1fb0fe779dab90e16,38.18721327,0,0,38.18721327,
0xd31433d53be2c070c8a9d4f6d2420c07926ba392,37.91002618,0,0,37.91002618,
0xb0e2d27e9782d3488c1bee212b25c0f19cdb8a49,32.61638314,4.404206388,0,37.02058953,
0x7a7350afc33e4bda5311c99c414ded01fb9d91af,36.02885394,0,0,36.02885394,
0x7e3120f4aab39e5483d77c4aea33e6ecd258d3a4,34.0188263,0,0,34.0188263,
0x5cd62413d31b90e6b6e284a4779ae4a974abfdf4,33.73903175,0,0,33.73903175,
0xb7c7cae0cdce1c60511ca2136cb8552b12856a71,33.04770215,0,0,33.04770215,
0xda3af6c8efef24c14a2bcc922202e4d922a775d8,33.01841834,0,0,33.01841834,
0x259f35530902c36f15fbbbe05815da0ed93aceb5,32.23,0,0,32.23,
0xc9ada323a331711788f768567c6c03abb70eb95b,31.40332693,0,0,31.40332693,
0xaf71d6c242a00e8364ea0ef3c007f3413e975011,31.03902485,0,0,31.03902485,
0x11cf1a92bd127336b33c2ed86fe13a9ee628733f,31.0266412,0,0,31.0266412,
0x6a3ae28a9c7a5d3d00f65489e8155609168f8b8b,30.40897908,0,0,30.40897908,
0x4c728474925da183b41c4eb73a624d01812a020b,30.00022905,0,0,30.00022905,
0x88f1706c20d94a4d1551c5f799c9e3380a24c3ac,30,0,0,30,
0xabd238fa6b6042438fbd22e7d398199080b4224c,27.75264603,0,0,27.75264603,
0xf588615f5701dd6a7ae440e44bcc8cff69f9d6f9,27.55004103,0,0,27.55004103,
0x3acb5eaecfab99d01e86f7068ae7b90479fb50e9,27.38974186,0,0,27.38974186,
0xf2582c7d760f6a634926433ace8e5dd700a4a987,26.89062149,0,0,26.89062149,
0x2a0c0dbecc7e4d658f48e01e3fa353f44050c208,26.62413103,0,0,26.62413103,
0x1861974f32eacdcced0f81b0f8eccfed58153a9d,2.860557163,0.5,22.80546041,26.16601757,
0x75086316ae15b560186878cab2aef4db6b924285,26.06986457,0,0,26.06986457,
0x9e169106d1d406f3d51750835e01e8a34c265957,25.82703287,0,0,25.82703287,
0x772cd046cd69cc182167a12b596f8d5d0f23601d,25.34399568,0,0,25.34399568,
0x862dc3dca9c5e4a9f7001f326e673eb3579a20cb,24.74100715,0,0,24.74100715,
0x44642d3f617c3967678f45249e24f20b6b296e38,4.91581E-08,24.45484483,0,24.45484488,
0xd97beffdf558b269257feba5df111ab718b71e24,9,0,15,24,
0xf197caf7b8ce72137c931ef1fe0a70f4fbd2c545,5,10.0401822,8.779745181,23.81992738,
0x1fc432eb5e873a12e909da65ad9e14be05f1139b,23.20222639,0,0,23.20222639,
0xc806ac57b97113cd52e9b925fc6d70a0e3e581ef,23.00735129,0,0,23.00735129,
0x4be732fa4a679fdb3bb08953dff9cee378bb00ab,22.93646117,0,0,22.93646117,
0xf73c3c65bde10bf26c2e1763104e609a41702efe,22.75195111,0,0,22.75195111,
0x0d1d94bd04102269046b723218d41a2e2a7c80b4,22.65180253,0,0,22.65180253,
0xad6d2ec2cb6b44cf877fd95e93dd6b8594e781d4,0,0,21.59023165,21.59023165,
0x1fce49f5992cd9d5d183860c83cf0273f03226f5,21.46334863,0,0,21.46334863,
0xa4a50eb8bb69a0b29f03b46ba21e2a73805e2aa3,21.10911114,0,0,21.10911114,
0xa3d59249b5bae16905613ad2be5639ffa35bbb57,0,0,21,21,
0x33ce72cc0d8645c7089c665f3467db26199d8ae4,20.81424499,0,0,20.81424499,
0xb7a6b3006cb6a93181ba1d2b079fefeea40f96e3,20.63059202,0,0,20.63059202,
0x352c4f802f59a48e676babafc4ca5b74bcded54d,20.02833526,0,0,20.02833526,
0x18d8646530dabe8f93b89282af161fae03896638,19.6650917,0,0,19.6650917,
0x604fc83c2c42cde9f9627ea2f97927a54f6d827e,19.27,0,0,19.27,
0x3b3793bfa9c1048418902c3a5563a6fa8b5d90bb,19.00464754,0,1.42421E-06,19.00464897,
0xa1d65e8fb6e87b60feccbc582f7f97804b725521,18.65871828,0,0,18.65871828,
0x02f93d46c2b56777e9c82cf40917979375c2c711,0,17.7,0,17.7,
0x970014692673c12f735103f58f2c683e1f45bf51,17.68332865,0,0,17.68332865,
0xf8db6bf54473796f8ded1828249dfa5c2919f88e,17.62528287,0,0,17.62528287,
0x1bc64307e6ddc620635b862fd2051be32bbf26a3,0,0,17.59425677,17.59425677,
0x7404becad09351583443720f8f520f689e93359e,0,0,17.42542921,17.42542921,
0x1ac6a4e952800fe6542823688cc9f27c898f9279,17.38964969,0,0,17.38964969,
0x1c9052e823b5f4611ef7d5fb4153995b040ccbf5,16.38504872,0,0,16.38504872,
0x7f8919fde017c5ff8408e4def990bc81f20d3ca4,16.2284966,0,0,16.2284966,
0x1b5c9e9c8436556664c233220a6676bd3eea0788,16.08006546,0,0,16.08006546,
0x4cd52b37fddd19ccd24b0d0e9a048785c7aafcef,15.5915676,0,0,15.5915676,
0x97a0b8d194117d6f1509597c18f712301dc0235a,15.38,0,0,15.38,
0x6949e1992ca4e460e29b87c7b19f86d64a87a8fd,15.38,0,0,15.38,
0x446c36ef501d3b54ba6a426c4e3e5412b7386a60,15.29,0,0,15.29,
0xccc4dcd160e49584ca8657f39d2a2f59ef520aff,15.17642433,0,0,15.17642433,
0x77bcb57ba7037e39063f1567ce734452bbd7a5f0,0,0,15.10352362,15.10352362,
0x48e68c7fbeded45c16679e17cdb0454798d5e9b5,15.007,0,0,15.007,
0xeb57a812abc5b3db70ec7e9f0794d524fee09934,15,0,0,15,
0x1de6e51e74f11a21784f7073f1dd351a98c944ea,14.72595072,0,0,14.72595072,
0xb5cb4b95676b1c0259b3f3686bb9290ed9c8171c,14.22519293,0,0,14.22519293,
0x6d5239dead451398115532cfec48a6da59ff0ba7,13.9951252,0,0,13.9951252,
0x834fe5cf987ab017bf5229d05f901d3887e49a8a,13.64242506,0,0,13.64242506,
0x5bdc20c8d3b00268c1cb0d1ae404956b6feef19a,13.56010734,0,0,13.56010734,
0xc293c934fbb0f0c21de30bba1f7de9b663cc6905,13.26434717,0,0,13.26434717,
0x0bc3d3b6ab0ff696909ef63e6d89afe09c3eff7f,13.21985726,0,0,13.21985726,
0x19ee7696d2a71548a7f1fc9cef644460d7e73297,13.10885666,0,0,13.10885666,
0x1a9f88af48dd6c790b3de5555b81e07fb6087293,12.89110223,0,0,12.89110223,
0xf25d1cea9772e2584e0a1d4c11abea2aeb9b077b,0,0,12.82648246,12.82648246,
0xc8dda504356195ba5344e5a9826ce07dfeaa97b6,12.41002957,0,0,12.41002957,
0xee2a3698cce0a9fc8ee12fee3b5af354430a02bc,12.19111062,0,0,12.19111062,
0x99f8ded354c8147e4ae34da1aee9f57dbd08c644,12.01597354,0,0,12.01597354,
0xe0f9b88bb4e29e97f6850e5e376cda04b8752062,12.01200992,0,0,12.01200992,
0x558d777b24366f011e35a9f59114d1b45110d67b,0,0,11.98274508,11.98274508,
0x820361a91b0a77e50e31a57237d82e982cacdf11,11.86,0,0,11.86,
0x0b17cf48420400e1d71f8231d4a8e43b3566bb5b,0,0.570298798,11.22863595,11.79893475,
0x0b17cf48420400e1d71f8231d4a8e43b3566bb5b,0,0.570298798,11.22863595,11.79893475,
0x617512fa7d3fd26bda51b9ac8c23b04a48d625f1,0,11.6,0,11.6,
0x7792110192c2343d53a2fd32f9bef54faba6600f,11.54545148,0,0,11.54545148,
0x84cf9c081a88686c3d309f4778519e6ea153f485,11.54539936,0,0,11.54539936,
0xff48d588a60f8dc3f51399dc5c01b9fc65757416,11.03112139,0,0,11.03112139,
0xebb6c9c7059a55a0f66d9043b905975e9b9ecffb,10.899581,0,0,10.899581,
0x08aba4a72d866c1fc1dda72508e0cd47388304ac,0,10.63995729,0,10.63995729,
0xdf08dfb2752c2bf55facc363f1568d4cf9606110,1.202710047,9.285836107,0,10.48854615,
0x85675afcbebb02cdff1a2548c33897dbca493495,0,5.238574321,5.102701199,10.34127552,
0x85675afcbebb02cdff1a2548c33897dbca493495,0,5.238574321,5.102701199,10.34127552,
0x9bf03137e09956b1510f0feaa955aed1d18ed5cb,10.32460905,0,0,10.32460905,
0xfb239e0df3a98f6b728200c14cb364cfc61dc4bc,10.12063446,0,0,10.12063446,
0x5ac053871b5fa1b9023f75f642fb0a8176fe9c27,10.09329687,0,0,10.09329687,
0x91544e0d0ee6361152f06891b52e778b3614d253,10.07254911,0,0,10.07254911,
0x038db6c62d0f072616e2b8db7d3d7cfc829f7f65,0,0,10.04923346,10.04923346,
0x10caac305df0f122fd132ce9007a5c433e8dc7c9,10.00090731,0,0,10.00090731,
0xf6e141fcf80404eb060a16f314077453ed3c2615,0,0,9.819059529,9.819059529,
0xf8a4d4e311e1cc22877943b01a363bc1c315122d,9.780140225,0,0,9.780140225,
0x9cb745dc6a72b00078c7b0266a9fb224af20377f,9.768372221,0,0,9.768372221,
0xe34e2df841e5a6352b0ae8bd5a797544f11d7e89,9.565318674,0,0,9.565318674,
0x6c3dde3477c37e10d6993525714e8801705eff5a,9.539992228,0,0,9.539992228,
0x959437b89ed3f77a43d5b5927699d26665b64b8e,9.172610682,0,0,9.172610682,
0x82e1a291ee5ebf08b088d4e7e957ca1827904b18,9.142058435,0,0,9.142058435,
0xca23a26b289ec053a3aa198f7cfb2ce4efe9859c,9.027243568,0,0,9.027243568,
0x25b06305cc4ec6afcf3e7c0b673da1ef8ae26313,0,0,9.011994765,9.011994765,
0xeb4f42458a34942c3111adf140554d1eae979e5f,0,0,9.00411146,9.00411146,
0xa1edeb38f55a106f03bb63ef7311cc6e13a06233,9,0,0,9,
0xac2815e44561c274b0124fa41512a65d5a21a1b4,8.998423646,0,0,8.998423646,
0x365595ab460cb664c77d4e038c9051f09d781065,8.661632043,0,0,8.661632043,
0x53b517968dbd242de0348a2f0d70d55c1bf7bcd3,8.260788982,0,0,8.260788982,
0x3213977900a71e183818472e795c76af8cbc3a3e,8.243116928,0,0,8.243116928,
0x9f625afedf018191bf020809a89dfc3c71c576a7,8.073597921,0,0,8.073597921,
0x43212005a9ed2dab40b7901662965fb282664091,8.012788047,0,0,8.012788047,
0xf7cce4be4b6a2e11633960fb09e53251229ab9a0,7.977080769,0,0,7.977080769,
0x6aa80bca0e8047eac7af3d47c6983a6611f0db4c,7.457793098,0,0,7.457793098,
0x78a0a3525f768c19b133d73b3fc52e2b9d4acc5d,0,0,7.407407407,7.407407407,
0x71420b6609db08529eb8a69c05deade4e5700bea,7.215219465,0,0,7.215219465,
0x562680a4dc50ed2f14d75bf31f494cfe0b8d10a1,7.166266515,0,0,7.166266515,
0xc12fe2dd2f2ddbbe735fc2772dcfcb789545f6f7,7.125083323,0,0,7.125083323,
0x9f643a408f3a287ca0d019176c288e2c5a8da7c4,7.032003895,0,0,7.032003895,
0xcf07d7ee1f67c38a937f626abdb9b099f1541f0b,7.027875953,0,0,7.027875953,
0x14e27302100a769b3821333ea9276d77bb7f8832,0,6.996360547,0,6.996360547,
0x738671901affbc417fa370cf936e461bb5315bd0,1.06677E-08,6.864090152,0,6.864090163,
0x4ffad6ac852c0af0aa301376f4c5dea3a928b120,0.289018692,2.276094387,4.106670707,6.671783786,
0x95e2329b36c1c368a62d9d62a03d178a9ae959e3,6.649309899,0,0,6.649309899,
0xb5d156cff0049bf337728774d953cffe7d9fdc79,6.643350748,0,0,6.643350748,
0xef2689ec966f98577264f44dd62ca64687bfbcc3,6.630917999,0,0,6.630917999,
0x436bb9e1f02c9ca7164afb5753c03c071430216d,6,0,0.5,6.5,
0x224ed86c7256c59c391d88f2fd4732e9e7251681,0,0,6.259150969,6.259150969,
0x125dbe70459b36a4c71664dcc97224eafeb4aee0,6.161850606,0,0,6.161850606,
0x5086980d1e667e76ec9146ad6db5a09d69074257,6.149366722,0,0,6.149366722,
0xe04885c3f1419c6e8495c33bdcf5f8387cd88846,0,0,6.111652054,6.111652054,
0x1395f53b0472827c78964316a7f5595f302e10c9,6.042475318,0,0,6.042475318,
0x5fd4b59576086a8881593eb97cf1aef4ce4ac94e,6.008151616,0,0,6.008151616,
0x766889c66f3d05e8258bbbdb42bb6c3eea6b1ee2,6,0,0,6,
0x13f137d638c4a7e31dad7789e3977b616ba39b12,6,0,0,6,
0xaa935ee459ff72e4292ba17839d94e64746c5a31,5.957637485,0,0,5.957637485,
0xbf62b7ca1b76a3fafc6d8e6edc2c8e31376ec628,5.951540222,0,0,5.951540222,
0xb0e83c2d71a991017e0116d58c5765abc57384af,2.340768497,1.633623097,1.88305592,5.857447514,
0xb6bfe672e3d7dc2689af27d6c5b5875358883fa8,5.750117368,0,0,5.750117368,
0x41bbc29a62d831c77cc2ce2c3b0980cb13a78952,5.655678141,0,0,5.655678141,
0x21cd22543618ebdfbc0f365ea50b86eb7747b1ce,5.578271263,0,0,5.578271263,
0x86fe56179405faff1fefeef6b1fc8258849326e0,5.575586814,0,0,5.575586814,
0xa018feb6840781436e5440de92f91659bce036b6,5.520712209,0,0,5.520712209,
0x08f4d97dd326094b66cc5eb597f288c5b5567fcf,5.477184313,0,0,5.477184313,
0xa0dcb6f8203a9a8e3f60a0fef72311f210b5f324,5.470510131,0,0,5.470510131,
0xc708bcd450fdecc898736a61936130a065af8ed5,5.346178646,0,0,5.346178646,
0xc0c43175c0de0e485e8c80481530afa29934b125,5.342712831,0,0,5.342712831,
0xd07d7fc9d70e703723cc08ee060a5969666934a6,5.314928467,0,0,5.314928467,
0x67b76d58a66253ce3e7d7c18dadf463fe9e637b7,5.298832346,0,0,5.298832346,
0x5169a46cf0b99c0c1e8d078d3b9f9b6ed9a215ea,5.214695801,0,0,5.214695801,
0x65b50b047e36d4a957cbd75751504c8e25ef599c,5.194598191,0,0,5.194598191,
0x69e69571d0d07edbede6c43849e8d877573ee6bf,5.161365718,0,0,5.161365718,
0xa985c12cab14159abc12ecebb6c57d253d686ed6,5.128437757,0,0,5.128437757,
0xd26a3f686d43f2a62ba9eae2ff77e9f516d945b9,0,0,5.123674481,5.123674481,
0xfce2ddbbe54363b321eb10486e7c19ebb173a63a,5.10505912,0,0,5.10505912,
0x950cab0bf5b6ae2fc1224d13fe3d7de40b113634,5,0,0,5,
0x04823fabfa7f0fa5bd84ea284701337ecd8af395,5,0,0,5,
0xfcd1d2894ca5a6afa07c9579f5fd7ac4ba7a5481,5,0,0,5,
0x7cb9ed2a2bed605dd5b53a86291111862553f2cb,4.993938112,0,0,4.993938112,
0xe590b05778914ff8b79e7f395c29a66faff9ec79,4.866699216,0,0,4.866699216,
0xd78fd5352277e74d5e023da0db7dd5fef65b48a1,0,0,4.848,4.848,
0x7cb5fd8cb523598c4f1324d51dcec4e54aea52b7,4.80603316,0,0,4.80603316,
0xbcf5ec0c8520a72c3e8c5af775f0662eb472fc1d,4.768626071,0,0,4.768626071,
0x99a2ffeaf83acb11ffa9ee76821648ce96b29de0,4.644998266,0,0,4.644998266,
0xf77cd8996d907992b0befa1a8dd003beb26090d6,4.63895314,0,0,4.63895314,
0x11ededebf63bef0ea2d2d071bdf88f71543ec6fb,4.539433437,0,0,4.539433437,
0x9187fabcc888cdfa00d836b81f4bcad10c2bb784,4.445566025,0,0,4.445566025,
0xe29edf295746d9bff056626ed739d9c2667732c4,4.418237434,0,0,4.418237434,
0x4f5763000286309d678662824bcac1976e05b900,4.36778537,0,0,4.36778537,
0xaf07e85591dc02a6e54604b4313cf2f92f27174f,4.332775286,0,0,4.332775286,
0x3b0cec2c51d709ffcd01b06c2fd2db9a5209edad,4.181991655,0,0,4.181991655,
0xaaa62dfeb5f428c4c7b03743ebc7ac1e7bc4bc8e,3,0,1.1,4.1,
0x854f1269b659a727a2268ab86ff77cfb30bfb358,4.002931126,0,0,4.002931126,
0x5c1b560c7a30483cf434b3e4cc1338af52df4c8b,0,0,4.00000172,4.00000172,
0x5fe57d286a6eb82c1649b87d94299729ceccc3b0,4.00000085,0,0,4.00000085,
0x7bddc0d25858156bf560e2c683a9a4c26df3c287,4,0,0,4,
0xae629b978581c5af0305e148a72881114498b44e,4,0,0,4,
0x438551df0390fe39410c8683bababb9da8d25697,4,0,0,4,
0xe96c3e1d842beccb10bf57c453b84bf75725241d,3.956058924,0,0,3.956058924,
0x198ca8bdc793e87a9c3d05a131e33764944b602b,3.918637228,0,0,3.918637228,
0x34a7df36e5a098dea126072661fe09958f72f8d5,3.913965687,0,0,3.913965687,
0xe23fe9ecd4606fc576a3ed12eb86c36200514b98,0,3.170710774,0.738298164,3.909008938,
0xe23fe9ecd4606fc576a3ed12eb86c36200514b98,0,3.170710774,0.738298164,3.909008938,
0xa019696d11a92398c78646d4f9e22938a93b8c40,3.816164859,0,0,3.816164859,
0xb33b9fba681653fe263b31a95766d83d18c2128d,3.8,0,0,3.8,
0xced608aa29bb92185d9b6340adcbfa263dae075b,0,0,3.79432174,3.79432174,
0x7da25442a58bed5369c980d785d24284bb5d26ee,3.719057341,0,0,3.719057341,
0x029183bd9a47cdd7f5df8fb64382022c4b681b63,3.623802044,0,0,3.623802044,
0x50c4e8fd53d5f8686ff35c54e3aa4b2c6241a5bf,3.610240528,0,0,3.610240528,
0x894767a84e042fe399af474c2a861e26ec1c2d58,3.5052,0,0,3.5052,
0x9a88e2361db0db4b2d81fb3b8da3f9e383fb8a5c,3.416917979,0,0,3.416917979,
0xf9c86cab4db95d685c570cffd2c288bdc1d9cb3a,3.4,0,0,3.4,
0xa7411df23b7e7479084b595deba20e72115861ec,3.33,0,0,3.33,
0x68d36dcbdd7bbf206e27134f28103abe7cf972df,0,0,3.283763369,3.283763369,
0xa5a0b7c3dd5dddbfbd51e56b9170bb6d1253788b,0,0,3.25,3.25,
0xf024143ceb7a8a60f464af9f9b9eec09285486f5,3.23894235,0,0,3.23894235,
0xf99ccf26aad027bbd11f1ebf8392ba729a454015,3.162571109,0,0,3.162571109,
0xa2760f385e7e981b46477574486dccd0c541f836,3.159095961,0,0,3.159095961,
0xf386b1f376a776fcfe7a686d04319f4e7177665c,3.15559186,0,0,3.15559186,
0x6103a9e1ccb543e7488283c11b220943c7f85cf5,0,0,3.149842169,3.149842169,
0xa1c6bf9a94e603c0c7e0559a9bbe6329137239f7,0,0,3.14978493,3.14978493,
0xcbea0e1cb2d016affdfa1dc908e7bdabed00f789,3.128857211,0,0,3.128857211,
0xa1f092b94ad0da8264265089d32099fd17184e1c,3.091073286,0,0,3.091073286,
0x0e0b40cdc92ed34318df659c77858ddfa264210e,3.044127928,0,0,3.044127928,
0x2e79334aac0d9e28a45f21c66e13c66d1e4549d7,3.030543833,0,0,3.030543833,
0xb5806a701c2ae0366e15bde9be140e82190fa3d6,0,3,0.00433548,3.00433548,
0xb5806a701c2ae0366e15bde9be140e82190fa3d6,0,3,0.00433548,3.00433548,
0xdde841e585fd0a1f1ac7b67bcf693842856dc8a2,3,0,0,3,
0x289d2e750ac6765ab42a9e7fd8dcdd5a3402f74a,2.97908572,0,0,2.97908572,
0x7b3f6fa4ccc69cea8c12d88afc39ed165825df5b,0,0,2.936423529,2.936423529,
0x40f3cbc8f1a5265bfe7ee35d05f79e2828fb6120,2.88520647,0,0,2.88520647,
0x5dfb6f13bf9df33bad0d894ca2f80fe3df528af1,2.870040642,0,0,2.870040642,
0x697999ecfc86f0bfa43235bcf324cc7f186e3d54,2.843747517,0,0,2.843747517,
0xbbd31abb1e767c2771de21954728d75bc29333d8,2.838842193,0,0,2.838842193,
0x443da3ae577aa0d756b81fd5c484a0592f93a6e8,2.807555646,0,0,2.807555646,
0x68e74e66b23c09fd7acca57bea1c6dd7fae8fe0a,2.8,0,0,2.8,
0x458cd345b4c05e8df39d0a07220feb4ec19f5e6f,0,0,2.770123272,2.770123272,
0x881723d708dcca464c2a5c87d83cb6f0ac96f6fa,2.750832453,0,0,2.750832453,
0x778549eb292ac98a96a05e122967f22efa003707,2.670899145,0,0,2.670899145,
0x1f11b8de447cb4c47c35f8e38002ab02c1b6764f,2.617149127,0,0,2.617149127,
0xeb5e3507feaf8fbf25b18ef747a0a4ed4b74e890,0,0,2.593308579,2.593308579,
0x59c0ecdc95a70c81e1388dc1de7221696d8ef903,2.575995033,0,0,2.575995033,
0x2d90fe216f4b3c5ccf7f5e3a15c8428f4491f0d9,2.568410437,0,0,2.568410437,
0x8dcd3ff96655348c2054c08e982a907691e72a1e,2.545628794,0,0,2.545628794,
0x91c1c889966f9f585845d809b63c7388556da51e,2.543195162,0,0,2.543195162,
0xe3abbfd48691a8e66fc0df7c4dafd12ad7b1ae45,2.532506955,0,0,2.532506955,
0xe5c405c5578d84c5231d3a9a29ef4374423fa0c2,2.52610515,0,0,2.52610515,
0x8a9113778f7169bd4962f8af43e19f60aa46817d,0,0,2.51796316,2.51796316,
0x9028b0be62d4d1363745a40901e8cd9bcb59b802,2.456790829,0,0,2.456790829,
0x9ffe669c32ced95a688f381ce85f82b71ad7bb73,0.000756759,0,2.328584418,2.329341177,
0xd7efdfa5c4f87e3c9c49b03019dcd184faf6a879,2.301773872,0,0,2.301773872,
0x2293fc0e35461aea297ae6fb9525493c9799ad8f,2.297,0,0,2.297,
0x511644f722454fbb9856fb84fe0ff344b0e7eb22,2.270141134,0,0,2.270141134,
0x4c3b90d8382fb28711416b6c6449b40233312110,2.245949688,0,0,2.245949688,
0xde186ae40bbd18260b4681d9a895673bf7bf0dfd,2.24362793,0,0,2.24362793,
0x0aee00759e9a40c081ebd5b92bcc7a504708e1c3,2.223794928,0,0,2.223794928,
0xa408f005e828bfb2bb8a9dd41759433173216c59,2.21311855,0,0,2.21311855,
0xfc6c2ba2f1b865dcb845828414174ea66cb23fc8,2.20441499,0,0,2.20441499,
0x1bfcca13a1ae96b84055cea6d9929a7a0a457308,2.17389436,0,0,2.17389436,
0x2b42b44b7a0b855afdc48a0137ade580bae98ffe,0,2.123028161,0,2.123028161,
0x1cd7ed3a06746bec03e69574fbb3260c349bb6f1,2.115102355,0,0,2.115102355,
0x4d66946073b3fb3623856691b9ecdcc82ca8667e,2.112170529,0,0,2.112170529,
0xc0a4a4c01cce8f64c8886d79bd6b2edd695f8c57,2.111922444,0,0,2.111922444,
0xcec351bdd6a504120764fb30a9c58a4c0aacfe60,2.104222694,0,0,2.104222694,
0x973a9f428ab31500e3e8532279a0a16664e58c5e,2.095922598,0,0,2.095922598,
0x60da07cfb273051aa9827dabffcd298c305cd00d,2.093490983,0,0,2.093490983,
0xf06d556bf12261db22e3f8d543426782f27beb0a,2.05521144,0,0,2.05521144,
0x4becbebd3e1db928e6f97d3b116d9c9361797573,2.051678802,0,0,2.051678802,
0x19d40f657d3ae23f2a9ef9b45588b9c6c59ba3ad,2.027662667,0,0,2.027662667,
0xc5ccfe9a0c45f73475e747b30d816af6c6ad1970,2.016611221,0,0,2.016611221,
0x395843afb5ec5f9fb1f2a3a8e14f844f081a2854,2.010460242,0,0,2.010460242,
0x5ced3bec4f4cf4b480f87ad4725e747b8d6bb9e6,2,0,0,2,
0xd03d79f0f72442479bbdefccda3e04b6be047e13,2,0,0,2,
0xb84848ce4a46a44f06864b5decc2fe07b842cf30,2,0,0,2,
0x7e989b4b12394a5082722d281ce441b7bfc6e96a,2,0,0,2,
0x61793c474a8beb0d9caf810635de122018e3e058,2,0,0,2,
0x3d68222b7b35f288c50382fd1c9759fbb5f92020,2,0,0,2,
0x43cfe4a804d70e7b477e9d68762aefc40bb4dcee,2,0,0,2,
0xe2a1f84629c0a0d1caf4211ddb0546282487ddc1,1.993788207,0,0,1.993788207,
0x627ff06e3be50295d60cda25b3b54ff2962b4f20,1.976900288,0,0,1.976900288,
0xa76573a000289f6341c48cf37ae1389c3a88e7b3,1.967,0,0,1.967,
0x1182e027a8027f5e4be112f6e58f767463794ca6,1.962468406,0,0,1.962468406,
0x59987ac51cc590e71fd196bbae62f632a6c0bcb9,1.956265049,0,0,1.956265049,
0xc802355044cb487f08eb802c35587c1034b6554a,1.955524864,0,0,1.955524864,
0x649765821d9f64198c905ec0b2b037a4a52bc373,1.859003143,0,0,1.859003143,
0x60ffa695f479a7182d94a8e2afece547f2707bc2,1.847413709,0,0,1.847413709,
0x25a4b1bae5b617b1878672cea8dfd943a56b32cf,1.78296,0,0,1.78296,
0x2f90c1bad54abd5529700e75b2c619f83ce98f18,1.774583097,0,0,1.774583097,
0x4b386b624b0cbdd152c2c0f4c8f1d2f1b6a51541,1.735819653,0,0,1.735819653,
0xd308d207b672491b84212626c1aa3ef32976be9f,1.707572791,0,0,1.707572791,
0xf20945fabea49511671895d91df9a4a4e1be4d12,1.694325099,0,0,1.694325099,
0xf46be2e77127f422855c398c1150c88a98f43115,1.6764,0,0,1.6764,
0x357e6a98da9c3bde7e17f5bcbbbd3e2107d117ba,1.667050703,0,0,1.667050703,
0x1c097a37e652051bbf3d7a05ad11760242050712,1.640137035,0,0,1.640137035,
0x5dad76db901a0fd3ba8dc04529a6ed4ef1a31775,1.609,0,0,1.609,
0x8301ebf02aba19b3c1ca04279f519e6041a94439,1.589427238,0,0,1.589427238,
0xa9fa105cc800137b8bc9e7bd34d26460e1e77b9a,1.586939174,0,0,1.586939174,
0x474118d576be3afdac1c297c4e1b942fa7f34300,0,0,1.583940557,1.583940557,
0x1511a017eafaccbd2eaffa2905d2f0b5843e0c57,1.583410544,0,0,1.583410544,
0x084bd02d4dfb5af7f9d487a60682378b057d36bb,1.549678616,0,0,1.549678616,
0xfc0ad346742544a27717a6112a0f8ce75daf3378,1.5392,0,0,1.5392,
0x9e9bbd60b1f2a177d11280636ffe4892a89a5912,1.5,0,0,1.5,
0x7f88b00db27a500fbfa7ebc9c3caa2dea6f59d5b,1.5,0,0,1.5,
0xa7eb41dcfbb5c99131b15395f427ad59bfecab48,1.5,0,0,1.5,
0x2b9ba78c4a578e2452d0af9ea07782fdaf18875a,1.5,0,0,1.5,
0x4035f0a2a6d42add9d3236e1d08f2ee145549317,1.494412686,0,0,1.494412686,
0x0d8763e73cd4b0d3af778f25190e4a07bbfe57e4,1.446179067,0,0,1.446179067,
0x7078f07b3df56bd4bdde30d8a9f0943acc406e8d,1.401635645,0,0,1.401635645,
0x780f4edd5e36320986a909ac7aca5e90d0564c4a,1.399710961,0,0,1.399710961,
0xc4a639cba07bfbf4c0a2eef7fb441895af7bc807,1.395949161,0,0,1.395949161,
0x377cb11c464233235b5d31f3b174408efd91e5ab,1.382982103,0,0,1.382982103,
0x382ffce2287252f930e1c8dc9328dac5bf282ba1,1.375787559,0,0,1.375787559,
0x3f78441292b95f346475e9aef2649eba5dcbf477,0.373396923,0,1.000001375,1.373398297,
0xd2fb35badbbb7982d3096f8ac01f3cc963652f06,1.349781791,0,0,1.349781791,
0x65168f4d02f9ca20cfe4ab82f98dc9f93d168c33,1.34865,0,0,1.34865,
0x4c189b2c808d44f10a40c5264f86fe917711c1c1,1.347673758,0,0,1.347673758,
0xc44caeb7f0724a156806664d2361fd6f32a2d2c8,0,0.596836437,0.712429617,1.309266054,
0xc44caeb7f0724a156806664d2361fd6f32a2d2c8,0,0.596836437,0.712429617,1.309266054,
0xd5f76912f7561a303feb5df0a5ea56b40063b4f6,1.309014404,0,0,1.309014404,
0x6dc34e7afb8b379ecf6bc89a5b2cc83fd319ea98,1.292751805,0,0,1.292751805,
0x19ac63521615455415a716f5dcbb49d065ae8092,1.266272882,0,0,1.266272882,
0xb13a4e804abcb7e5fc10113c323e7eff4be6d9a8,1.260260315,0,0,1.260260315,
0xaccfaa3a39f3681e07f5d6ecc0a9cdd86c2eb775,0,0.078424438,1.147212254,1.225636692,
0xaccfaa3a39f3681e07f5d6ecc0a9cdd86c2eb775,0,0.078424438,1.147212254,1.225636692,
0x3f1826b1674787446e7c5d288f8a7f9ceba9fa55,1.22361407,0,0,1.22361407,
0x8b3f14f0582fbf275be87d265c931b4dfd5f13b7,1.221992165,0,0,1.221992165,
0x37a13563c39a0f3e0ba15e07171088896ed798fd,1.19,0,0,1.19,
0x00fff7e689a4ed9668c9207f55c8d68bab1cb507,1.18775822,0,0,1.18775822,
0x731d4affa2cf32a672abccd586345c97d4eb3330,1.179108338,0,0,1.179108338,
0x6f2c254674e6439fa8b85abe29d8fd13bf5d6d7b,1.155950074,0,0,1.155950074,
0xb6e4748798beefd579482b41da7455caccb7adb7,1.15,0,0,1.15,
0x5f67d41c56c677685fde9a6dbe3a7fc8f20bf9c1,1.143083332,0,0,1.143083332,
0xb9929435dad8d6ffbaf1ff3a62a925e7857b5381,1.11,0,0,1.11,
0xe526c8cb435a4d1a5ec28a17e0f01075d35b69e0,1.104969402,0,0,1.104969402,
0x959dfec5566d3009ec51d58d5e8c80c3b1999e52,1.1,0,0,1.1,
0x586634c272dfa3894ee9b99836541dee35660f34,1.1,0,0,1.1,
0x4d77cf896513a848a978760e7ab2e61a12291943,1.1,0,0,1.1,
0x92054ad5051c5b944bfca7600bfdecc6a5504264,1.087801293,0,0,1.087801293,
0xeb8285020bf6d3bc3de1b3b94cacc41375052747,1.084665598,0,0,1.084665598,
0x15c6ac4cf1b5e49c44332fb0a1043ccab19db80a,0,0,1.078886531,1.078886531,
0x301875f27346e5d3951ded113ceea4f5a9bff35e,1.07611,0,0,1.07611,
0xcc145f212ce7a844bde13217465768c632b586bf,1.066672942,0,0,1.066672942,
0xe5757d34a5db2f1f3b6cc66ca8216c65721d2ea1,1.065688024,0,0,1.065688024,
0x2d747fae8c206c8bf75e798ca7c6e5b2b58be960,1.060275807,0,0,1.060275807,
0xf8cd33296ce0687e42cfd889eaf023bd564f9efb,1.058894166,0,0,1.058894166,
0xf9582d444868c11ef1f72c80c65187564c521cd1,1.056491836,0,0,1.056491836,
0xba95d1bff7e9756385b10996a85539050b45e9bf,1.054755387,0,0,1.054755387,
0xfeb41c2e3ccd06e2bfe9ba6e3f88dea71ec2cac0,1.05,0,0,1.05,
0x8d4a3674ec1b291e95ec05def9737585d812acf5,1.049724727,0,0,1.049724727,
0x76bc4c780dd85558bc4b24a4f262f4eb0be78ca7,1.049402381,0,0,1.049402381,
0xce7dcaa8bfd6abea5ecb716989feafa8f2489379,1.042087709,0,0,1.042087709,
0x6d3b80e8909a3d3a276db4f6d874cb865a9770f2,0,1.039702473,0,1.039702473,
0xbad7136d3527cc5bc18a81c8815956729cb72a72,1.031805788,0,0,1.031805788,
0x2f9b1a144db2ca36771e56b2e66043d3b2da4913,0,0,1.031416096,1.031416096,
0x95560988d4e4202e42fa11237abd3b6bd7749bf5,1.022857934,0,0,1.022857934,
0xfec1fd6b8bf6c0aa86d8aa6397846f7ab76627c0,1.016272066,0,0,1.016272066,
0x9c95789a3c797d5cf1a67f9c6735c412ec62e403,1.013795606,0,0,1.013795606,
0x124efb12ac6dda68a4a7ad71516765ff7207a41a,1.012194308,0,0,1.012194308,
0x4fa7a306375522125c5a3bc8347b8e1d57bbcd13,1.009817927,0,0,1.009817927,
0x964a6f5be7c84884a2318a77a061a8926eb0f7cf,1.007125619,0,0,1.007125619,
0x11ec55a4065aff7be93dae8d63a1b2f0a7a70b28,1.006044972,0,0,1.006044972,
0x96668cf0cb358ecfa05873285696e0c23577e50a,1.003676537,0,0,1.003676537,
0x33abd5e2acd50dd7644de04c3dda876660b4b4c6,1.002892306,0,0,1.002892306,
0xe2b52fc1ad49b93f85c45315ecbad740f17b0e8e,0,0,1.001581947,1.001581947,
0xd0ae67390b070709fe389c40481b4f84eea149c1,5.6423E-14,1,0,1,
0x0aa77cbbffa3b567fc5b67b5fccde7cdc79d1b1a,1,0,0,1,
0xafd8ae26588a48d1f15f9adac055bb5ef01c055a,1,0,0,1,
0x32a59b87352e980dd6ab1baf462696d28e63525d,1,0,0,1,
0x7c67c683ea7598e11fad5420587c3f42baf616f6,1,0,0,1,
0xef0326859b674c9272d755fb861c35d29d347fa6,1,0,0,1,
0x10e8db425237b05c52dd5f7c31af6a74a94edec6,1,0,0,1,
0x8740a3f846cf7a49e5dbce0550451248c95b85a2,1,0,0,1,
0x96efb884224b41b09cfd6f4a06f9e35e59dd69b4,1,0,0,1,
0x32e8ae7a2e8a6b1609fca7e54a9dd10480ddf027,1,0,0,1,
0x337ce5ab3bb8f085bdd873fc7d644cf995e203fe,1,0,0,1,
0x0a86ce0df517b6014a0d4755c3bceb3c7e7d9a18,1,0,0,1,
0x0e5b28f75cc680192719d5498c85804b6c427493,1,0,0,1,
0x898ae2fa55497587becb740a7f4e18220ddbf9a9,1,0,0,1,
0x16bfa2a0445863630893e99ac7682d4f8828f11a,1,0,0,1,
0xf011113b8520400b592bcc574cf8177520ef9cb7,1,0,0,1,
0x6d97d65adff6771b31671443a6b9512104312d3d,1,0,0,1,
0x49e25392188e2a1d01fcf44e149232f4c33a137e,1,0,0,1,
0x28f0be6b694f46365ae62e7e4d5c0e596e2720ff,1,0,0,1,
0x05a1ff0a32bc24265bcb39499d0c5d9a6cb2011c,1,0,0,1,
0x70f264a331a9c3b3248537acf2470d963be741e3,1,0,0,1,
0xca7a1a193a02e0520b6b745cd2eb24967c27ca00,1,0,0,1,
0xfc87989fb40f09527efd0a275975cabcf6c054c1,1,0,0,1,
0x6b9d608836865071ab3c7303fefc7680d48bb72b,1,0,0,1,
0xb7562f12e41c762cecda99d62bd6eac7b0c3b4c1,1,0,0,1,
0xb2821c0df0c414ff51d3e8033cba26df6aac587b,1,0,0,1,
0x5ef09cc3e4e63f9d37f1dc57b3fc6e6180178794,1,0,0,1,
0x349b90ba3d0e85d245e83c52fc235b5b6ff795a3,1,0,0,1,
0xda188d53af3ad7767fd60f2f43122e28e55b70ef,1,0,0,1,
0x6b82694f6b9254da8cdb11be621f30e04dab0fd2,1,0,0,1,
0xacf4c2950107ef9b1c37faa1f9a866c8f0da88b9,1,0,0,1,
0x0ba9ad60f11344a77d65136af6aec7a1471147db,1,0,0,1,
0x39db59fd7fb1f9ae012ad3bd81af658efb6102d7,1,0,0,1,
0x78e87757861185ec5e8c0ef6bf0c69fa7832df6c,0,0,1,1,
0xbc3a058d1c919f6b1f48e8846246d04d467902c8,0,1,0,1,
0xc22f47ebc79ec52b0aa5db9a47c6facffcc2ea42,0,1,0,1,
0x318a68520cc2544d08a8bc78749ab2cc0b95a19e,0.995494044,0,0,0.995494044,
0x13f1ce8456752be37da8930d958f9dfa3954e992,0.99,0,0,0.99,
0x939722265819585624701656e344ede49374d2b1,0.988572854,0,0,0.988572854,
0xf20c6d1f17b65dce7f392a1029dde9910ed0bd11,0,0,0.979958971,0.979958971,
0x6502bc1deeb61c1fce5151e90bcbe51fc75cfb10,0,0,0.941918098,0.941918098,
0x881a01bba8182e14624c046fd5880c84d14a1507,0.625379912,0,0.2943,0.919679912,
0x2d6323cc438b96f0ae942280762cc507b5398563,0.9181,0,0,0.9181,
0xe8860362762394a448d13f0cfad1be9e653d7f21,0.90631598,0,0,0.90631598,
0x09d0b6bb0d285129c3e42df5349ac86179ddd203,0.898180769,0,0,0.898180769,
0x8dfff637f4ba79de1f5ef9dbe79dddbad01ae276,0.887108791,0,0,0.887108791,
0xed1d18dd4177bd2e8ed6dc261cc0e69323524b73,0.886978359,0,0,0.886978359,
0x2738358bddf448ec977666f202d9124a141db510,0.858997856,0,0,0.858997856,
0x64571c01b33b43654cc064884eee0f0203c0826f,0.84,0,0,0.84,
0x43c21cc46637ae611d2b3beead90a73ae56362b3,0.838125231,0,0,0.838125231,
0xc1a71d841492e57a9551123976ee1b1922fd2b5b,0.830687488,0,0,0.830687488,
0x5f966192733e9871ab048300c99f93d6f926ad6a,0.828243412,0,0,0.828243412,
0x1caa3fd2f5f8a229af56e73b9d5e2ed6a43136bf,0.8229,0,0,0.8229,
0x3eadaea178507b5a69c9587f18364ae259d5c15c,0.809214625,0,0,0.809214625,
0x19c091ba7b21407608e27ab333f9ca2a2915f01e,0.8,0,0,0.8,
0x910bf2d50fa5e014fd06666f456182d4ab7c8bd2,0.793427709,0,0,0.793427709,
0x0134b93275192a4bb40ec7e6a616e36c4493cd66,0,0,0.785779044,0.785779044,
0x97fbcc420387dc4a353e2ef62b30f694abbe2894,0.780518898,0,0,0.780518898,
0x8572e7aaea3fd5bf138539456ad5236c86689c9b,0.777112569,0,0,0.777112569,
0x48bdbd1f6ce64a5e1e37df00783614fc0809898a,0.773821,0,0,0.773821,
0x6130a038b17f7ee8d28abd54415f2066c0e81b0b,0,0,0.751927335,0.751927335,
0x0860420a401a038e3f13aa2487445d0dcf6c75db,0.75,0,0,0.75,
0x105badbbd9fe1ea1039dcaf217b5537c7bd53c20,0.75,0,0,0.75,
0x068f1818f1a9428913994cbdf1bcab775f77c88c,0.74908546,0,0,0.74908546,
0xa2b287e3eca08c063282768e0c98bd9ecb7f736e,0,0.745744886,0,0.745744886,
0xcdd12be05d87a80423ff50c742efbebf04f8a15f,0.71191094,0,0,0.71191094,
0x41bad1f2e324b974a4805028fefca11c9e7e593e,0.710377512,0,0,0.710377512,
0x5554a279ff7a6313dc686e1916b05bd70e650d86,0.70887053,0,0,0.70887053,
0x253ff8d3b639243e2c9c4a36a4c461aa7fc5fe0d,0.706159214,0,0,0.706159214,
0xf725cc2b6ec42fc500f85e82a4ba6289f65354fb,0.695858235,0,0,0.695858235,
0xd5be60feccbf8b87923455efc7284ecca2c02701,0.693275477,0,0,0.693275477,
0xcffa0c7c7b9b09b50711731b3c272fc52a2d19fc,0.692779305,0,0,0.692779305,
0x990549bd6a41f8f0e5baeb168f34c9faccfae32e,0.690778543,0,0,0.690778543,
0xcb7f47dac5daa612646dc6f31632e12494be7e7a,0.659404291,0,0,0.659404291,
0x0f607e317e6e1534e0c6eba4620ca4bccbd20ca5,0.655946959,0,0,0.655946959,
0x2a9954a67e7d7c1f5cc7bd333dd9918974a7358d,0.634140812,0,0,0.634140812,
0x40035b9144bac13a0ca93003526f77df3a8e2b55,0,0,0.633854628,0.633854628,
0x2515b754e606b9461fc90f9c5ab3f2df8767fbc0,0.63,0,0,0.63,
0x1ffa02e10a8f7acbc8f59f61f4482bbe124c6c86,0.623206775,0,0,0.623206775,
0x8b098e33fac7017a68f849f6cefc65f80b2fd546,0.620912603,0,0,0.620912603,
0x2096bcc0012a0f3be1775365bb467a8ab0e3e4ce,0.615228259,0,0,0.615228259,
0x964600d7de0ffff9a799d622c88bda29490b9ba1,0.611681983,0,0,0.611681983,
0x1ebac4b911fbfcf38cfa0d95f9d9281268bec8bc,0.607293717,0,0,0.607293717,
0xe0ca00bdae2768576c73ac0ef2fa25d8bc68655a,0.604756619,0,0,0.604756619,
0xf6269288e33a457ca8f2f3592f926ccfafbb89ea,0.598904167,0,0,0.598904167,
0xa716e5576b13f867c62aec9c417e4a798cb1ee95,0.595660937,0,0,0.595660937,
0x1ba0cba277a0270aa475064d7018aa36b166788d,0.589841379,0,0,0.589841379,
0xb3475eff5add9099b62295951be9c062cb7d04df,0.577559656,0,0,0.577559656,
0x32a1a16addb17308782e3ddb3d6fa8a0c1cef4c8,0.576518927,0,0,0.576518927,
0xc8fa33679e5b2114d8344ad2f8567f4887a6c8b1,0.568559977,0,0,0.568559977,
0x6ae787465204e468dce4c637d8e1897e8e5947fd,0.55777158,0,0,0.55777158,
0x1ed80009b25e4a0a4b05b454db2b58987c6e4942,0.553746763,0,0,0.553746763,
0x4d00af255c2886da69287c6fadf059ac874e1933,0.550675277,0,0,0.550675277,
0x699d021dc88fa7a071bebdb93e9f905bc983de9e,0.55,0,0,0.55,
0xd2ecd6c235c4c30d2c669c8eff4186cd1f6f8832,0,0,0.545,0.545,
0x6fde7365bb2c917f8fa5abf9b0bda079b264304d,0,0,0.542353015,0.542353015,
0x6d6d90d91dc0c0f77fb8571184a684cf310dc6cc,0.542092182,0,0,0.542092182,
0x68093b08516b36de780a1078c20c09de47c7120d,0.53912509,0,0,0.53912509,
0x2e45e558f76eb181176a61b6207e94dd77316aa2,0.5374,0,0,0.5374,
0xba61a99a1e4ba3875f57db636961810807df785e,0.523015456,0,0,0.523015456,
0x514ff747e222f5d1b6f55bc88994c156edd3e8d7,0.51516937,0,0,0.51516937,
0xc0bb3ce1989efacbc96872e6ec01eb2fa480bda2,0.514851987,0,0,0.514851987,
0x26358e62c2eded350e311bfde51588b8383a9315,0.513383489,0,0,0.513383489,
0xd297e20d6bb3e49986145eefb99adaac852f764e,0.513213851,0,0,0.513213851,
0x18db5c1b33d7796caea49881b8eaca874052c107,0.50632265,0,0,0.50632265,
0xfbef7a0396cc16b63d967092c3016fb8c82af681,0.505813312,0,0,0.505813312,
0x2ed864d069f888cc59d903af24a7eea6a8e614ec,0.505544289,0,0,0.505544289,
0x7b310d30921f35888e56e1ca67b45ff9b21128b9,0.504683181,0,0,0.504683181,
0x3abce4e29d700a3915209fdc46c81ffead2f3d5c,0.504656176,0,0,0.504656176,
0x8d12a197cb00d4747a1fe03395095ce2a5cc6819,0.501323395,0,0,0.501323395,
0xa3f76c31f57da65b0ce84c64c25e61bf38c86bed,0.5,0,0,0.5,
0x98947667054b12a8f50128ede7327037b982860b,0.5,0,0,0.5,
0x8e46dd1951e29b7a7113dde35c74f7008556ef3b,0.5,0,0,0.5,
0xec749edfbaddf4765f5459f3cc5d30467146f2fe,0.5,0,0,0.5,
0x800919386b87a032543e4657ac8b623e5a63076f,0.5,0,0,0.5,
0x85ed40dbca94b5bc73c6c7ec7f4ecaad04a03a22,0.5,0,0,0.5,
0xcf79c7eaec5bdc1a9e32d099c5d6bdf67e4cf6e8,0.5,0,0,0.5,
0x7d547666209755fb833f9b37eebea38ebf513abb,0.5,0,0,0.5,
0xa38f262b4ab3c785bdd244b26092a331cc4d86af,0.5,0,0,0.5,
0x2c52d73c43c5f191907cfb5b9914fa6f2107231b,0.5,0,0,0.5,
0x053f406ad40c9eb8eb43aff28da0d0ec17df8e44,0,0,0.5,0.5,
0xbc44d953a802c5e030d70ff9331ea0a12b15d980,0.498937082,0,0,0.498937082,
0xf3d8585658792c48215954012e0a2ac30f194746,0.497388757,0,0,0.497388757,
0xaf86958b835955cc2808bffabc6f5148405a2596,0.496544786,0,0,0.496544786,
0x786f1476582fa1aa66bbb7a64e77ee677d75990d,0.491059189,0,0,0.491059189,
0x3e7dd7df9c1ffd12b8ecd94a27472bdc4d87ab7e,0.463394475,0,0,0.463394475,
0x5688d1c24f4e0a906b800dc74b4d0468ba5f9171,0.462934984,0,0,0.462934984,
0x1c85d6ae1336d0e4e3f165bbfa9641bfa04cedb1,0,0,0.455225868,0.455225868,
0x8957b47e1aea2136c01a462b832699b43c2fce30,0,0.452041106,0,0.452041106,
0xd38d3b64504480945f482c03670352ca35679630,0.449747588,0,0,0.449747588,
0x7f248e4301f5a16b2a8289989584a509f7157845,0.447180903,0,0,0.447180903,
0x44ac4e451cebb8eae8e86fc62bba12bae049419a,0.429674476,0,0,0.429674476,
0xe635b5dc768bacb5e5449e9ca92cd39f824a2b66,0.428426885,0,0,0.428426885,
0xe0c50ac605b255ec2b02963f8db2b9fbc3274402,0,0,0.424719993,0.424719993,
0x528d2565f1d463c820288fcb74bb36eefa00100d,0.42336204,0,0,0.42336204,
0xd4e0c714744bdf3ee9b8bf88e843f2b1c74dce5b,0.42114776,0,0,0.42114776,
0x6f31d347457962c9811ff953742870ef5a755de3,0.412542346,0,0,0.412542346,
0x8ecafe4f4e5c439b1903776154025d36862ef293,0.411882905,0,0,0.411882905,
0xbc5cd06662ec889cc23d7d2249b2adaefc16a1eb,0.410154159,0,0,0.410154159,
0xba12222222228d8ba445958a75a0704d566bf2c8,0,0.409097574,0,0.409097574,
0x01ef37970dff74387e23c993d1ef08ce446eca3d,0.408180639,0,0,0.408180639,
0x5e93781e8bac02c42d1efb9c80c7b9962ca66215,0.402034654,0,0,0.402034654,
0x76cd459017f5bc928dc5156902fd1a03d9fb5dfe,0.397831071,0,0,0.397831071,
0x9008d19f58aabd9ed0d60971565aa8510560ab41,0.29590092,0,0.100083397,0.395984317,
0xe2c8139a960b57e77858615990065160e41499af,0.392715312,0,0,0.392715312,
0x445dd097f041dc4d86ac833c4dc1e647ae155995,0.387802891,0,0,0.387802891,
0x81a94868572ea6e430f9a72ed6c4afb8b5003fdf,0,0,0.384542117,0.384542117,
0x449e8424e765a04b6b10e10c13ef941a9bf0d48a,0.371998843,0,0,0.371998843,
0xd53d5ea1c50cae08bf29566bb9060b88146e7c40,0.370402948,0,0,0.370402948,
0x00cd1c742f63f83cb186e4572b61eceb03d0883d,0.36656059,0,0,0.36656059,
0xf9107317b0ff77ed5b7adea15e50514a3564002b,0,0,0.361577444,0.361577444,
0x265b27ab17bb30c4148563cadb7bafc04a7c4b39,0.360440086,0,0,0.360440086,
0x8ddcf5dafbeb3d0f600d4095bc01fe3aef8f5692,0.356815,0,0,0.356815,
0x4cc6b8fb925d82522b7e780653f1ce19a9af42fa,0.355388535,0,0,0.355388535,
0x000943ee18c248cf65233d1fc028a8ce82efd028,0.34804,0,0,0.34804,
0xfc2e12899c60eab561ae22255c242b9932fc3373,0.342801326,0,0,0.342801326,
0xd25b4570c8bb3ca28a69927bb84cc45fd06a90f3,0,0,0.342369314,0.342369314,
0x1f7dda4679208fc567bca9e54e92aeccc80ebba8,0,0.341878872,0,0.341878872,
0x17d24fb1aa5adc6c07787f6205b48e0d2778e496,0.328508666,0,0,0.328508666,
0x5706ec7b6a34e7fd8d39d9abf92fadc6b8f6f938,0,0.315171482,0.008875356,0.324046837,
0x5706ec7b6a34e7fd8d39d9abf92fadc6b8f6f938,0,0.315171482,0.008875356,0.324046837,
0xb5b7a71e7a27785a18f7230f6aa23b8f894629d2,0.30846009,0,0,0.30846009,
0x7939149c27a99954884fc7749ecbacebb8cd99e5,0.303732802,0,0,0.303732802,
0x126ed947de7b84ab29526d35cef99c9b72b285a5,0.300121747,0,0,0.300121747,
0x4714efb0a03b5f78cc7bab887494ba1f0b89fc11,0.3,0,0,0.3,
0xc4705681d89aa0d84b3f23e382a3a4c0cd372b28,0.3,0,0,0.3,
0xcc8f174a76dff2c770ccdcec59b125b495159e85,0.29512182,0,0,0.29512182,
0xc34b69b313f0cc251941dbf9dc2b87f73878b385,0.293939216,0,0,0.293939216,
0xd88f670048d107870e241daa8cddd4782a14ee2d,0.291544608,0,0,0.291544608,
0x61850751298ef501a8701ef420eacc62d597ac92,0.288362395,0,0,0.288362395,
0x0f9457824adb0649f57b91f21fcaf598b7ed9230,0.286949343,0,0,0.286949343,
0x3c1863dedc30f8650e63e5c4b5400ba80e19b8ac,0.28547669,0,0,0.28547669,
0x7648873a5b5666d6f1b0f9078449be51326d8d63,0.282,0,0,0.282,
0x632f93865823557466340e49bc120e3b668a2c2e,0.274891283,0,0,0.274891283,
0x2f6fef9b8d17cd8f4437f1d6f456395111aa0b76,0.2644,0,0,0.2644,
0x7d1b10577da49d490685f8105bee3fa7a82ced53,0.260510989,0,0,0.260510989,
0x3b87ee0dff66089ea32089b645b22dd31930efa6,0,0,0.25926509,0.25926509,
0x2ef869f0350b57d53478d701e3fee529bc911c75,0.256284726,0,0,0.256284726,
0x156fbdba3a032751c6f7a23fcf68ee3b7ff3ee71,0.253496139,0,0,0.253496139,
0x552521a220dd5fa57ed5211cac5272819454b019,0.253266267,0,0,0.253266267,
0x9877c86a215d2356d3e80ceb7ec8af90ded98a8c,0.25,0,0,0.25,
0xc17b480b0a3152450fa5ea6cf0d841a547838e82,0.247818102,0,0,0.247818102,
0x03416678e5b81c9c24a8e48e67f5d273b3e33940,0.246146024,0,0,0.246146024,
0xcd1d899daf3c8179b70e4620092f327413df5073,0.24435338,0,0,0.24435338,
0x9ffa3fdae3f714f717b6521b4ffcc0abbef63522,0.244240758,0,0,0.244240758,
0xe1455039d27ef2326b8b7281df5f8ecdbb68182e,0.239255776,0,0,0.239255776,
0xb742da24d6d5803b6c5e4f5bf0ff2c0ef1e94f55,0.238275837,0,0,0.238275837,
0x3340fe8e989f4a06726a8eef6f4441b062a8c043,0.232020298,0,0,0.232020298,
0x37223d721901ec493906ddf800b71dbcb347fa68,0.224926541,0,0,0.224926541,
0x33329f5a360649eb1c473b998cf3b975feb109f6,0.2156,0,0,0.2156,
0xc877fcc358da9eb76f53aeebfbbdb6eefa0b313d,0.210539493,0,0,0.210539493,
0x58852a16364f5b44ec2965bb7c3cac831f7a9659,0.205414009,0,0,0.205414009,
0xe9945b3acbdc2f9dcad8871f01aa9dabbb20d882,0,0,0.203252033,0.203252033,
0xef633dc27c34c46eea3ccf688ffdf99b4ea2edba,0.202425252,0,0,0.202425252,
0x543e0993c1f53be1983c3890653427d2a7825096,0.202263498,0,0,0.202263498,
0x0897c4ac0806a625c73440a717356fc915bd4aa7,0,0,0.201274327,0.201274327,
0x5fdbaf45dacd45006e9dd4f42f8ac2c7035a152a,0.2,0,0,0.2,
0x6dc4ce3ef7ea00117193e0a4c1dbcc512a04d040,0.2,0,0,0.2,
0xf07e2af05816e9d2d8af5b1221af810899737b79,0,0,0.2,0.2,
0xff4304024e87b2787e4b3363701111c1c6efb5b6,0.195458486,0,0,0.195458486,
0x50e2a39f3afb1e1fb78387a46bd694f59a128d60,0.191426559,0,0,0.191426559,
0xe13ccb8c29e1a921cbd70e1dd5cfe802f9f9d415,0.179684713,0,0,0.179684713,
0x6ee014104e876185e836750f6ddebb6796f307b1,0.178719539,0,0,0.178719539,
0x662fdab3d500b1d7a3a0435f7544561b2b7005da,0.178677626,0,0,0.178677626,
0x5121a3b4dac18225fc72f64f05c533f67933f439,0,0,0.17862244,0.17862244,
0x288d28cd0be73a9af95b732fccff9aa93844ed20,0.176095125,0,0,0.176095125,
0x6ec1404407d455ef75404286da94bd53d895d103,0,0,0.175245838,0.175245838,
0xe970ef630a832468dac04ee2357d4e8e24ac4acd,0.175137045,0,0,0.175137045,
0xcc66012c79d0afb57c9d02b754f4cb80fc22f4df,0,0,0.175111017,0.175111017,
0x0f85a912448279111694f4ba4f85dc641c54b594,0,0,0.173717518,0.173717518,
0xebcc959479634eec5a4d7162e36f8b8cc763f491,0.173159024,0,0,0.173159024,
0xb5f714c587b83a3fbe45fb0ca564462e1bd4cd10,0,0,0.171860084,0.171860084,
0xcdd20791520e73cc80794b92e46a8a12216c11c4,0,0,0.171727766,0.171727766,
0xb21efebf2259ea7f2c3e7d373c9f23824f038a47,0,0.170949827,0,0.170949827,
0x58693977f4f95a675e278d99834a27732058d43a,0,0,0.167619796,0.167619796,
0xf308673d76e3e5f7f0c693f7bf38fed68e1aa725,0.166064149,0,0,0.166064149,
0x2a9186277a465774bed4c2055622d36316e855d5,0.165579296,0,0,0.165579296,
0xa0446d8804611944f1b527ecd37d7dcbe442caba,0,0.165572434,0,0.165572434,
0x5d58df7b33add3f96737e0b21b25629163be38b6,0,0,0.164483525,0.164483525,
0x483b73d95da1027c9ba50816d42baed0ec20d5ca,0,0,0.16435691,0.16435691,
0xeb3036301fd6fb50cd9e2e3945b8fd074e853e71,0.163965892,0,0,0.163965892,
0xae8e0495b5784ce114a5a5095a00c19780984caf,0.163190328,0,0,0.163190328,
0xf6e0ec9f66ea43f6da1847763f4433a8444d38f2,0,0,0.161533382,0.161533382,
0x692d6db68482e7baf728cc786d9a3ae01120b751,0.161334519,0,0,0.161334519,
0x1f222a351bfa24add6c249a7ae55d80aa27727f5,0,0,0.160580204,0.160580204,
0x93b1e3af751a831a3687a323bcea7e7d374b1726,0.16,0,0,0.16,
0xa9a9b856ec4fa47e441c2fbf451933560d861448,0.15953,0,0,0.15953,
0xc957fcd9be2dcd01385fdceb2b9f72f921a271ee,0.157608089,0,0,0.157608089,
0x1d013a567c92e25cee516e74690476cdb8234a67,0,0,0.156810601,0.156810601,
0xa6c090c5572f54d529b0839b8fd2d50a4afb1e6b,0,0,0.156543323,0.156543323,
0x8df5d18f91333f5591e9331b460d5e501c43b4b3,0.153736298,0,0,0.153736298,
0x706b5021f33ac50412b69ad49b8aefd03780d587,0.15196,0,0,0.15196,
0x40fedde5b0219843094998e2bd005513cd119864,0.151824488,0,0,0.151824488,
0x0d3a580b6c8f2f4741b216941c92ef747d68d0a8,0.149639,0,0,0.149639,
0x26e3a9c84fdb9b7fe33dfd5e8d273d016e4e4fb6,0.145027378,0,0,0.145027378,
0x000000008e1fb330d76f5067c5aa12d36f7ad478,0,0,0.145005167,0.145005167,
0x7417d44760ab5fd8248b646ae69731ba195a8bfe,0.143593966,0,0,0.143593966,
0x749c581d86e46db5c74c18721513c1030c9b4161,0.135490984,0,0,0.135490984,
0x748e5f7e877b7c28468756e1fbe76a5481716f8e,0.1352,0,0,0.1352,
0x3021026e4ff227571a5a563ad19ea657c7027e59,0.131833599,0,0,0.131833599,
0xacf98af36845ec9aeda29feed2907ea287388cf3,0.125576184,0,0,0.125576184,
0x67bf56e4cb13363cc1a5f243e51354e7b72a8930,0.123942709,0,0,0.123942709,
0x5ae234a9bc1d5d4304fa72005a553e4869649d71,0.123354449,0,0,0.123354449,
0xba68d14cda97081ad073bdc6085dd77527210c7a,0.1220817,0,0,0.1220817,
0x508c54b97e5f6ae9605c6675907e025ea7b83c3b,0.120437645,0,0,0.120437645,
0x9492510bbcb93b6992d8b7bb67888558e12dcac4,0,0,0.118781772,0.118781772,
0x6bcaa539ab97db627967c4bcffe83572895f6638,0.116818585,0,0,0.116818585,
0x7880d1a1f23491579fbb244333b6574a88a74596,0,0.113535143,0,0.113535143,
0x094e4b82a5722271546cca99c8c351bd840669ae,0.01,0,0.1,0.11,